latitude,longitude,brightness,scan,track,acq_date,acq_time,satellite,confidence,version,bright_t31,frp,daynight
20.04031,-77.49902,301.84,1.01,1.01,2025-03-25,0228,T,45,6.1NRT,291.75,3.93,N
20.23616,-76.92883,302.58,1.04,1.02,2025-03-25,0228,T,50,6.1NRT,292.02,4.44,N
20.47002,-76.11165,304.81,1.12,1.06,2025-03-25,0228,T,29,6.1NRT,292.19,5.87,N
20.46737,-76.13264,311.42,1.12,1.05,2025-03-25,0228,T,81,6.1NRT,292.32,11.26,N
20.47668,-76.13399,315.23,1.12,1.05,2025-03-25,0228,T,91,6.1NRT,292.44,14.6,N
20.76271,-77.80505,304.12,1.01,1,2025-03-25,0228,T,37,6.1NRT,289.28,5.55,N
20.76142,-77.81449,326.14,1.01,1,2025-03-25,0228,T,100,6.1NRT,290.59,23.97,N
38.15023,-96.27662,305.11,4.68,1.98,2025-03-25,0234,T,19,6.1NRT,280.41,93.27,N
39.31661,-96.01081,306.86,4.17,1.89,2025-03-25,0234,T,49,6.1NRT,270.06,93.09,N
22.44243,-80.57896,301.97,1.08,1.04,2025-03-25,0230,T,26,6.1NRT,290.57,5.37,N
33.09929,-85.27931,307.17,1.31,1.13,2025-03-25,0232,T,71,6.1NRT,282.47,15.27,N
33.10917,-85.28177,306.82,1.31,1.13,2025-03-25,0232,T,69,6.1NRT,281.88,15,N
17.83772,-93.1245,328.44,3.55,1.77,2025-03-25,0406,T,100,6.1NRT,289.39,166.42,N
17.89403,-93.19597,312.81,3.51,1.76,2025-03-25,0406,T,85,6.1NRT,289.17,65.9,N
17.90795,-93.1713,308.51,3.53,1.77,2025-03-25,0406,T,72,6.1NRT,288.76,54.16,N
17.90493,-93.20399,308.5,3.51,1.76,2025-03-25,0406,T,75,6.1NRT,287.75,52.08,N
18.82177,-98.91254,307.18,1.36,1.15,2025-03-25,0406,T,71,6.1NRT,288.93,11.68,N
19.00519,-99.07377,304.64,1.33,1.14,2025-03-25,0406,T,61,6.1NRT,269.31,13.31,N
19.39216,-102.7102,371.07,1,1,2025-03-25,0406,T,100,6.1NRT,298.36,116.45,N
19.39087,-102.71947,391.7,1,1,2025-03-25,0406,T,100,6.1NRT,302.36,203.48,N
19.40096,-102.71159,369.71,1,1,2025-03-25,0406,T,100,6.1NRT,295.89,111.92,N
19.39967,-102.72086,440.55,1,1,2025-03-25,0406,T,100,6.1NRT,312.41,592.52,N
19.39838,-102.73014,318.95,1,1,2025-03-25,0406,T,98,6.1NRT,294.62,12.52,N
19.3958,-102.7487,307.14,1,1,2025-03-25,0406,T,21,6.1NRT,293.28,4.42,N
19.40975,-102.71297,306.62,1,1,2025-03-25,0406,T,13,6.1NRT,293.01,4.75,N
19.40846,-102.72225,391.08,1,1,2025-03-25,0406,T,100,6.1NRT,299.16,200.97,N
19.40718,-102.73153,328.52,1,1,2025-03-25,0406,T,100,6.1NRT,293.72,23.3,N
19.72229,-100.51091,301.56,1.13,1.06,2025-03-25,0406,T,42,6.1NRT,282.08,8.08,N
19.72091,-100.52161,311.86,1.13,1.06,2025-03-25,0406,T,84,6.1NRT,282.64,15.95,N
19.72767,-100.51764,309.95,1.13,1.06,2025-03-25,0406,T,79,6.1NRT,281.08,14.93,N
19.87549,-100.74786,312.73,1.11,1.05,2025-03-25,0406,T,86,6.1NRT,279.25,15.14,N
19.87424,-100.75759,325.22,1.11,1.05,2025-03-25,0406,T,100,6.1NRT,281.53,29.27,N
19.87297,-100.76752,309.29,1.11,1.05,2025-03-25,0406,T,77,6.1NRT,280.61,13.19,N
19.88063,-100.76392,317.83,1.11,1.05,2025-03-25,0406,T,96,6.1NRT,279.84,21.55,N
19.72475,-102.7114,320.08,1,1,2025-03-25,0406,T,100,6.1NRT,289.01,17.68,N
19.7361,-102.69426,305.23,1,1,2025-03-25,0406,T,40,6.1NRT,286.83,7.48,N
19.73482,-102.70354,338.52,1,1,2025-03-25,0406,T,100,6.1NRT,290.05,42.33,N
19.68169,-103.27511,312.99,1.01,1,2025-03-25,0406,T,86,6.1NRT,288.38,12.94,N
19.89996,-102.56453,309.19,1,1,2025-03-25,0406,T,77,6.1NRT,286.08,10.49,N
19.82429,-103.25272,300.6,1.01,1,2025-03-25,0406,T,31,6.1NRT,284.68,5.89,N
19.75761,-104.15616,322.08,1.05,1.02,2025-03-25,0406,T,100,6.1NRT,289.56,22.05,N
19.75618,-104.1659,307.75,1.05,1.02,2025-03-25,0406,T,72,6.1NRT,288.69,9.56,N
19.93783,-103.22879,302.3,1,1,2025-03-25,0406,T,48,6.1NRT,282.97,7.67,N
19.77581,-104.34546,354.14,1.06,1.03,2025-03-25,0406,T,100,6.1NRT,291.57,79.34,N
19.77435,-104.35529,321.55,1.06,1.03,2025-03-25,0406,T,100,6.1NRT,289.58,22.13,N
19.84602,-105.35464,300.76,1.17,1.08,2025-03-25,0406,T,33,6.1NRT,288.6,6.32,N
19.92575,-104.95464,319.65,1.12,1.05,2025-03-25,0406,T,99,6.1NRT,292.47,20.5,N
19.92419,-104.96502,306.42,1.12,1.05,2025-03-25,0406,T,39,6.1NRT,291.49,7.56,N
19.92265,-104.97532,314.97,1.12,1.05,2025-03-25,0406,T,90,6.1NRT,292.21,14.77,N
19.92111,-104.98556,325.15,1.12,1.05,2025-03-25,0406,T,100,6.1NRT,291.69,26.37,N
19.9319,-104.97692,329.81,1.12,1.05,2025-03-25,0406,T,100,6.1NRT,291.86,33.16,N
19.93038,-104.98708,304.42,1.12,1.05,2025-03-25,0406,T,21,6.1NRT,290.68,6.13,N
20.58241,-101.17484,306.54,1.08,1.04,2025-03-25,0406,T,68,6.1NRT,282.14,10.01,N
20.1029,-105.17438,315.2,1.14,1.06,2025-03-25,0406,T,91,6.1NRT,293.64,15.7,N
20.11049,-105.18725,305.44,1.14,1.06,2025-03-25,0406,T,64,6.1NRT,293.18,8,N
20.33545,-103.73827,310.58,1.02,1.01,2025-03-25,0406,T,80,6.1NRT,284.62,11.62,N
20.33408,-103.74772,317.27,1.02,1.01,2025-03-25,0406,T,95,6.1NRT,285.83,17.09,N
20.34429,-103.73975,314.31,1.02,1.01,2025-03-25,0406,T,89,6.1NRT,285.79,14.35,N
20.34293,-103.74921,321.88,1.02,1.01,2025-03-25,0406,T,100,6.1NRT,287.42,21.39,N
20.39123,-103.72816,304.24,1.02,1.01,2025-03-25,0408,T,59,6.1NRT,286.89,6.9,N
20.37527,-103.97461,301.97,1.03,1.01,2025-03-25,0408,T,46,6.1NRT,279.24,7.39,N
20.43964,-103.65478,319.02,1.01,1.01,2025-03-25,0408,T,98,6.1NRT,289.93,17.98,N
20.4383,-103.66417,341.87,1.01,1.01,2025-03-25,0408,T,100,6.1NRT,291.01,48.47,N
20.2378,-105.33546,324.13,1.15,1.07,2025-03-25,0408,T,100,6.1NRT,294.22,27.21,N
20.23615,-105.34637,318.62,1.15,1.07,2025-03-25,0408,T,97,6.1NRT,292.47,20.66,N
20.24261,-105.46568,310.18,1.17,1.08,2025-03-25,0408,T,74,6.1NRT,291.04,11.87,N
20.24089,-105.47665,314.84,1.17,1.08,2025-03-25,0408,T,90,6.1NRT,291.68,16.47,N
20.25034,-105.47837,312.55,1.17,1.08,2025-03-25,0408,T,69,6.1NRT,291.28,13.82,N
20.26655,-105.43639,328.54,1.16,1.07,2025-03-25,0408,T,100,6.1NRT,291.08,33.87,N
20.26486,-105.44732,324.2,1.17,1.07,2025-03-25,0408,T,100,6.1NRT,292.23,26.39,N
20.26149,-105.46905,307.73,1.17,1.08,2025-03-25,0408,T,18,6.1NRT,290.96,8.78,N
20.27601,-105.43787,323.26,1.16,1.07,2025-03-25,0408,T,100,6.1NRT,293.35,24.71,N
20.27431,-105.44884,334.19,1.17,1.07,2025-03-25,0408,T,100,6.1NRT,296.17,40.42,N
20.27262,-105.45982,314.02,1.17,1.08,2025-03-25,0408,T,23,6.1NRT,292.35,12.28,N
20.28547,-105.43926,319.75,1.16,1.07,2025-03-25,0408,T,96,6.1NRT,293.56,19.72,N
20.28377,-105.45037,316.66,1.17,1.07,2025-03-25,0408,T,28,6.1NRT,293.51,14.93,N
20.28039,-105.4723,313.04,1.17,1.08,2025-03-25,0408,T,24,6.1NRT,292.19,10.96,N
20.55816,-103.66134,309.02,1.01,1.01,2025-03-25,0408,T,76,6.1NRT,285.96,10.96,N
20.29498,-105.44041,304.24,1.16,1.07,2025-03-25,0408,T,25,6.1NRT,292.15,6.17,N
20.28651,-105.49567,312.13,1.17,1.08,2025-03-25,0408,T,54,6.1NRT,292.4,12.09,N
20.30271,-105.45318,318.35,1.17,1.07,2025-03-25,0408,T,56,6.1NRT,293.44,18,N
20.30099,-105.46442,320.22,1.17,1.08,2025-03-25,0408,T,83,6.1NRT,294.03,20.24,N
20.29602,-105.49696,316.05,1.17,1.08,2025-03-25,0408,T,92,6.1NRT,292.25,16.95,N
20.29433,-105.50802,302.97,1.17,1.08,2025-03-25,0408,T,47,6.1NRT,289.51,5.84,N
20.3122,-105.45441,311.97,1.17,1.07,2025-03-25,0408,T,45,6.1NRT,292.22,12.28,N
20.31049,-105.46568,322.16,1.17,1.08,2025-03-25,0408,T,100,6.1NRT,293.26,23.69,N
20.5779,-103.71316,324.82,1.01,1.01,2025-03-25,0408,T,100,6.1NRT,285.11,24.79,N
20.57655,-103.72256,332.57,1.01,1.01,2025-03-25,0408,T,100,6.1NRT,287.03,34.6,N
20.72577,-103.65298,305.69,1.01,1,2025-03-25,0408,T,65,6.1NRT,284.41,9.01,N
20.77414,-103.95813,312.23,1.02,1.01,2025-03-25,0408,T,84,6.1NRT,287.2,13.32,N
20.8064,-105.46912,310.21,1.15,1.07,2025-03-25,0408,T,79,6.1NRT,288.32,13.16,N
21.26088,-104.54324,309.15,1.05,1.02,2025-03-25,0408,T,77,6.1NRT,282.54,11.85,N
21.26984,-104.54487,301.05,1.05,1.02,2025-03-25,0408,T,9,6.1NRT,281.22,6.01,N
21.75301,-104.20906,315.06,1.02,1.01,2025-03-25,0408,T,90,6.1NRT,286.79,16.26,N
22.74088,-105.08807,304.63,1.06,1.03,2025-03-25,0408,T,61,6.1NRT,279.5,9.83,N
24.30863,-106.26201,307.61,1.14,1.06,2025-03-25,0408,T,63,6.1NRT,271.66,12.65,N
24.30682,-106.27361,307.38,1.14,1.07,2025-03-25,0408,T,71,6.1NRT,273.75,12.8,N
26.31477,-107.9882,304.44,1.31,1.14,2025-03-25,0408,T,60,6.1NRT,287.55,11.04,N
26.31253,-108.00151,319.66,1.32,1.14,2025-03-25,0408,T,99,6.1NRT,288.61,28.35,N
26.42875,-107.85955,328.8,1.29,1.13,2025-03-25,0408,T,100,6.1NRT,289.32,41.19,N
26.4385,-107.862,340.51,1.29,1.13,2025-03-25,0408,T,100,6.1NRT,290.88,66.6,N
26.43626,-107.87544,309.74,1.29,1.13,2025-03-25,0408,T,78,6.1NRT,288.02,15.56,N
27.38921,-107.14581,312.26,1.15,1.07,2025-03-25,0410,T,84,6.1NRT,276.84,17.85,N
27.84552,-108.44273,307.8,1.32,1.14,2025-03-25,0410,T,15,6.1NRT,275.97,14.68,N
30.13208,-108.45568,318.53,1.22,1.1,2025-03-25,0410,T,97,6.1NRT,285.9,25.83,N
30.12998,-108.4683,305.96,1.22,1.1,2025-03-25,0410,T,66,6.1NRT,282.75,12.79,N
30.173,-108.3876,305.62,1.21,1.09,2025-03-25,0410,T,65,6.1NRT,282.57,12.64,N
30.17109,-108.39924,306.75,1.21,1.09,2025-03-25,0410,T,69,6.1NRT,283.52,13.47,N
30.49812,-109.63501,305.64,1.39,1.17,2025-03-25,0412,T,65,6.1NRT,285.12,15.21,N
32.41342,-101.63684,305.51,1.38,1.16,2025-03-25,0412,T,65,6.1NRT,284.76,15.82,N
32.89441,-113.48934,304.05,2.19,1.43,2025-03-25,0412,T,58,6.1NRT,290.61,22.04,N
35.35867,-95.89764,301.61,3.55,1.77,2025-03-25,0412,T,43,6.1NRT,283.61,42.58,N
42.97471,-98.04369,302.57,3.06,1.66,2025-03-25,0414,T,50,6.1NRT,273.2,52.96,N
22.13376,-78.65858,304.27,1.09,1.04,2025-03-25,0809,A,59,6.1NRT,291.33,6.39,N
20.46114,-76.09785,314.78,1.62,1.25,2025-03-25,0809,A,90,6.1NRT,290.34,27.31,N
32.41581,-101.63659,301.93,1.02,1.01,2025-03-25,0947,A,45,6.1NRT,272.36,9.23,N
30.17332,-108.38876,300.39,1.6,1.25,2025-03-25,0947,A,26,6.1NRT,280.83,15.57,N
28.7905,-100.53649,305.56,1.21,1.09,2025-03-25,0947,A,65,6.1NRT,292.21,8.78,N
28.78848,-100.52467,303.28,1.21,1.09,2025-03-25,0947,A,54,6.1NRT,292.44,7.01,N
24.30961,-106.27596,315.55,1.06,1.03,2025-03-25,0949,A,91,6.1NRT,289.46,15.44,N
24.30809,-106.26524,308.07,1.06,1.03,2025-03-25,0949,A,40,6.1NRT,287.73,9.32,N
24.30665,-106.25508,317.92,1.06,1.03,2025-03-25,0949,A,96,6.1NRT,287.09,17.84,N
24.30067,-106.27771,307.98,1.06,1.03,2025-03-25,0949,A,13,6.1NRT,289.2,8.5,N
23.2268,-105.80013,303.77,1.02,1.01,2025-03-25,0949,A,57,6.1NRT,292.64,6.27,N
22.74158,-105.07909,310.45,1,1,2025-03-25,0949,A,80,6.1NRT,285.74,12.92,N
21.26294,-104.54701,316.77,1.02,1.01,2025-03-25,0949,A,94,6.1NRT,283.55,18.14,N
21.26147,-104.53756,307.61,1.02,1.01,2025-03-25,0949,A,72,6.1NRT,281.23,10.91,N
20.5822,-101.16865,301.98,1.51,1.21,2025-03-25,0949,A,46,6.1NRT,286.26,12.42,N
19.88035,-100.75094,306.7,1.67,1.27,2025-03-25,0949,A,69,6.1NRT,281.07,22.79,N
20.30984,-105.45689,316.46,1,1,2025-03-25,0949,A,93,6.1NRT,293.81,14.36,N
20.29792,-105.49692,304.35,1,1,2025-03-25,0949,A,60,6.1NRT,289.48,7.01,N
19.9408,-103.22417,305.19,1.17,1.08,2025-03-25,0949,A,63,6.1NRT,280.35,12.65,N
20.27197,-105.44408,309.43,1,1,2025-03-25,0949,A,35,6.1NRT,289.76,9.09,N
20.27057,-105.43481,308.1,1,1,2025-03-25,0949,A,23,6.1NRT,288.64,8.4,N
20.24772,-105.34347,302.48,1,1,2025-03-25,0949,A,43,6.1NRT,289.24,5.28,N
20.24631,-105.33418,321.25,1,1,2025-03-25,0949,A,100,6.1NRT,292.48,19.81,N
20.23753,-105.33562,306.22,1,1,2025-03-25,0949,A,67,6.1NRT,291.27,8.2,N
20.24848,-105.46704,303.7,1,1,2025-03-25,0949,A,56,6.1NRT,288.28,7.44,N
19.74156,-102.69526,304.39,1.25,1.11,2025-03-25,0949,A,60,6.1NRT,284.29,11.47,N
20.11302,-105.18167,304.52,1.01,1,2025-03-25,0949,A,56,6.1NRT,292.2,6.64,N
20.1116,-105.17242,309.29,1.01,1,2025-03-25,0949,A,77,6.1NRT,292.69,9.54,N
19.00584,-99.07793,306.95,2.32,1.47,2025-03-25,0949,A,70,6.1NRT,286.57,33.13,N
19.00155,-99.05506,320.6,2.33,1.48,2025-03-25,0949,A,100,6.1NRT,286.95,70.64,N
19.4171,-155.28618,303.33,1,1,2025-03-25,1306,A,54,6.1NRT,289.57,7.82,N
19.41573,-155.27698,326.3,1,1,2025-03-25,1306,A,100,6.1NRT,305.18,26.93,N
19.41435,-155.26776,326.11,1,1,2025-03-25,1306,A,100,6.1NRT,304.11,26.26,N
19.40836,-155.28763,325.75,1,1,2025-03-25,1306,A,100,6.1NRT,296.58,26.02,N
19.40698,-155.27841,320.23,1,1,2025-03-25,1306,A,100,6.1NRT,300.42,20.49,N
19.4056,-155.26918,303.55,1,1,2025-03-25,1306,A,56,6.1NRT,289.08,7.74,N
32.33834,-81.416,325.58,3.28,1.71,2025-03-25,1435,T,84,6.1NRT,291.32,126.17,D
32.34025,-81.42323,327.46,3.28,1.71,2025-03-25,1435,T,85,6.1NRT,291.39,137.94,D
21.64072,-79.42017,317.04,1.72,1.29,2025-03-25,1437,T,47,6.1NRT,298.12,15.15,D
20.70306,-76.16901,323.37,1.08,1.04,2025-03-25,1437,T,75,6.1NRT,302.16,10.14,D
19.72796,-71.63601,315.29,1.23,1.1,2025-03-25,1437,T,66,6.1NRT,300.95,7.96,D
20.3073,-75.55674,316.52,1.03,1.01,2025-03-25,1437,T,63,6.1NRT,298.95,8.75,D
20.30338,-75.52816,316.32,1.03,1.01,2025-03-25,1437,T,34,6.1NRT,301.01,8.02,D
20.15638,-75.60219,362.75,1.03,1.01,2025-03-25,1440,T,100,6.1NRT,302.53,86.33,D
20.15506,-75.59261,363.98,1.03,1.01,2025-03-25,1440,T,100,6.1NRT,304.22,89.84,D
19.30004,-72.00424,313.96,1.2,1.09,2025-03-25,1440,T,36,6.1NRT,301.38,5.47,D
19.2244,-71.58823,318.18,1.26,1.12,2025-03-25,1440,T,60,6.1NRT,298.76,13.22,D
19.96371,-77.63777,319.75,1.24,1.11,2025-03-25,1440,T,56,6.1NRT,302.8,10.37,D
19.05987,-72.14816,311.06,1.18,1.08,2025-03-25,1440,T,39,6.1NRT,299.43,5.38,D
18.68891,-70.82789,322.35,1.44,1.19,2025-03-25,1440,T,75,6.1NRT,299.25,26.56,D
18.7248,-71.35867,318.85,1.33,1.14,2025-03-25,1440,T,71,6.1NRT,295.97,20.4,D
26.52377,-97.98992,328.98,1,1,2025-03-25,1616,T,80,6.1NRT,302.2,17.43,D
26.515,-97.99142,385.8,1,1,2025-03-25,1616,T,100,6.1NRT,304.28,168.54,D
26.51361,-97.98167,347.47,1,1,2025-03-25,1616,T,94,6.1NRT,300.69,47.6,D
26.50899,-98.01244,322.27,1,1,2025-03-25,1616,T,67,6.1NRT,300.88,8.95,D
26.11432,-98.23086,315.63,1,1,2025-03-25,1616,T,47,6.1NRT,294.94,7,D
43.18863,-89.81594,342.17,1.15,1.07,2025-03-25,1609,T,93,6.1NRT,284.58,59.64,D
25.95491,-98.9343,320.67,1.03,1.01,2025-03-25,1616,T,72,6.1NRT,298.46,11.07,D
43.18625,-89.80232,327.99,1.16,1.07,2025-03-25,1609,T,85,6.1NRT,283.95,33.96,D
24.46557,-99.44115,322.92,1.04,1.02,2025-03-25,1616,T,76,6.1NRT,294.98,14.81,D
43.12537,-89.4568,301,1.19,1.09,2025-03-25,1609,T,33,6.1NRT,283.6,7.07,D
24.32097,-98.86102,341.73,1.01,1,2025-03-25,1616,T,91,6.1NRT,304.19,38.5,D
42.98845,-89.88489,300.06,1.16,1.07,2025-03-25,1609,T,25,6.1NRT,282.78,5.81,D
24.31962,-98.85136,315.69,1.01,1,2025-03-25,1616,T,49,6.1NRT,299.54,5.78,D
23.74563,-98.7076,317.11,1,1,2025-03-25,1616,T,59,6.1NRT,300.98,4.94,D
42.54214,-88.48983,305.75,1.35,1.15,2025-03-25,1609,T,62,6.1NRT,283.28,13.4,D
23.02855,-98.03342,322.08,1.01,1,2025-03-25,1616,T,74,6.1NRT,295.13,14.8,D
43.15687,-92.20006,303.61,1.01,1,2025-03-25,1609,T,57,6.1NRT,285.12,5.96,D
42.67599,-89.75661,301.91,1.18,1.08,2025-03-25,1609,T,50,6.1NRT,284.58,6.78,D
42.96945,-91.88183,302.93,1.02,1.01,2025-03-25,1609,T,54,6.1NRT,284.65,5.46,D
22.98355,-99.13086,317.3,1.01,1,2025-03-25,1618,T,51,6.1NRT,299.8,6.6,D
42.50481,-89.5971,305.04,1.21,1.09,2025-03-25,1609,T,60,6.1NRT,284.56,9.06,D
22.79478,-99.03722,319.52,1,1,2025-03-25,1618,T,69,6.1NRT,299.01,9.04,D
22.73401,-98.98871,319.25,1,1,2025-03-25,1618,T,69,6.1NRT,300.13,7,D
42.50232,-89.58313,304.23,1.21,1.09,2025-03-25,1609,T,58,6.1NRT,284.42,8.43,D
22.14666,-99.21354,319.5,1.01,1,2025-03-25,1618,T,72,6.1NRT,295.57,9.39,D
42.88597,-92.13126,300.68,1.01,1.01,2025-03-25,1609,T,40,6.1NRT,286.23,3.36,D
21.3823,-98.45731,313.9,1.01,1,2025-03-25,1618,T,56,6.1NRT,294.03,6.32,D
42.85514,-91.98949,301.05,1.02,1.01,2025-03-25,1609,T,44,6.1NRT,286.68,3.88,D
42.19682,-88.32093,300.96,1.4,1.17,2025-03-25,1609,T,43,6.1NRT,283.46,8.3,D
21.01641,-98.11702,315.73,1.02,1.01,2025-03-25,1618,T,69,6.1NRT,295.04,9.88,D
42.78788,-91.97717,304.91,1.02,1.01,2025-03-25,1609,T,60,6.1NRT,286.97,5.97,D
20.57873,-101.17103,324.67,1.11,1.05,2025-03-25,1618,T,73,6.1NRT,302.78,16.14,D
42.60289,-91.68155,344.51,1.04,1.02,2025-03-25,1609,T,94,6.1NRT,287.13,54.14,D
20.78333,-103.37323,318.38,1.49,1.21,2025-03-25,1618,T,48,6.1NRT,305.61,7.89,D
42.60098,-91.66937,309.46,1.04,1.02,2025-03-25,1609,T,69,6.1NRT,285.81,9.54,D
20.56403,-102.25629,325.08,1.26,1.11,2025-03-25,1618,T,73,6.1NRT,305.96,17.33,D
41.64888,-86.62803,302.99,1.77,1.3,2025-03-25,1609,T,54,6.1NRT,276.42,17.63,D
41.90615,-88.16039,306.76,1.44,1.19,2025-03-25,1609,T,64,6.1NRT,284.51,14.97,D
20.56706,-102.68648,330.83,1.34,1.15,2025-03-25,1618,T,80,6.1NRT,306.9,29.3,D
20.53461,-103.18217,320.66,1.44,1.19,2025-03-25,1618,T,50,6.1NRT,307.18,9.9,D
41.92019,-88.3476,345.08,1.41,1.18,2025-03-25,1609,T,94,6.1NRT,284.56,90.2,D
20.45209,-103.67033,341.32,1.55,1.23,2025-03-25,1618,T,89,6.1NRT,308.41,62.94,D
42.32888,-92.6861,305,1.01,1,2025-03-25,1609,T,60,6.1NRT,284.54,7.04,D
20.4504,-103.65612,331.28,1.54,1.22,2025-03-25,1618,T,81,6.1NRT,308.63,33.43,D
42.19301,-92.09238,302.56,1.02,1.01,2025-03-25,1609,T,48,6.1NRT,288.41,3.8,D
19.87937,-100.76243,322.2,1.06,1.03,2025-03-25,1618,T,49,6.1NRT,298.44,13.3,D
42.00627,-94.17545,312.04,1.01,1,2025-03-25,1609,T,72,6.1NRT,288.81,9.95,D
42.00466,-94.16362,330.14,1.01,1,2025-03-25,1609,T,87,6.1NRT,288.88,28.35,D
19.86903,-100.75375,319.97,1.06,1.03,2025-03-25,1618,T,53,6.1NRT,294.64,13.47,D
41.85496,-93.37026,308.61,1,1,2025-03-25,1609,T,67,6.1NRT,288.49,7.27,D
20.01445,-102.19437,323.99,1.23,1.1,2025-03-25,1618,T,73,6.1NRT,307.55,16.2,D
41.75671,-92.70428,303.69,1.01,1,2025-03-25,1609,T,57,6.1NRT,287.47,4.54,D
19.87053,-101.3854,323.01,1.12,1.05,2025-03-25,1618,T,73,6.1NRT,302.15,13.93,D
41.66432,-92.52682,320.75,1.02,1.01,2025-03-25,1609,T,80,6.1NRT,289.26,17.8,D
20.27593,-105.44318,316.95,2.07,1.4,2025-03-25,1618,T,48,6.1NRT,303.23,18.12,D
19.93937,-103.21936,313.44,1.42,1.18,2025-03-25,1618,T,17,6.1NRT,302.17,7.31,D
41.49682,-93.2692,311.24,1,1,2025-03-25,1609,T,71,6.1NRT,286.11,9.72,D
18.42249,-93.17961,311.64,2.14,1.42,2025-03-25,1618,T,0,6.1NRT,292.16,15.29,D
41.40433,-93.39484,306.41,1,1,2025-03-25,1609,T,63,6.1NRT,286.91,6.24,D
18.89004,-96.18257,322.63,1.29,1.13,2025-03-25,1618,T,77,6.1NRT,296.46,17.12,D
40.91473,-94.04328,314.08,1,1,2025-03-25,1611,T,72,6.1NRT,287.7,11.6,D
19.73289,-102.70312,326.53,1.31,1.13,2025-03-25,1618,T,53,6.1NRT,301.62,26.21,D
40.9131,-94.03175,316.4,1,1,2025-03-25,1611,T,65,6.1NRT,287.76,13.08,D
19.72301,-102.70509,318.92,1.31,1.13,2025-03-25,1618,T,18,6.1NRT,299.92,14.75,D
19.07098,-98.15245,314.77,1.04,1.02,2025-03-25,1618,T,58,6.1NRT,295.71,5.68,D
41.2377,-99.85736,308.62,1.65,1.26,2025-03-25,1611,T,64,6.1NRT,276.95,17.89,D
40.62595,-94.49418,301.49,1.01,1,2025-03-25,1611,T,35,6.1NRT,285.86,3.04,D
18.83764,-96.69834,313.61,1.21,1.09,2025-03-25,1618,T,61,6.1NRT,291.67,8.16,D
40.61747,-94.83115,312.18,1.02,1.01,2025-03-25,1611,T,72,6.1NRT,285.12,10.38,D
19.6537,-102.48139,321.13,1.26,1.12,2025-03-25,1618,T,66,6.1NRT,305.43,13.5,D
40.61591,-94.8195,307.7,1.02,1.01,2025-03-25,1611,T,66,6.1NRT,284.08,7.31,D
18.81324,-96.66831,312.74,1.21,1.09,2025-03-25,1618,T,59,6.1NRT,291.78,7.4,D
39.87092,-90.22565,311.14,1.25,1.11,2025-03-25,1611,T,71,6.1NRT,286.42,13.14,D
19.92732,-104.98076,328.52,1.89,1.34,2025-03-25,1618,T,74,6.1NRT,307.28,43.09,D
39.86844,-90.21162,312.97,1.25,1.11,2025-03-25,1611,T,59,6.1NRT,287.65,14.76,D
19.02186,-98.62511,326.04,1.02,1.01,2025-03-25,1618,T,0,6.1NRT,291.93,24.24,D
40.01384,-92.78074,301.28,1.03,1.01,2025-03-25,1611,T,46,6.1NRT,279.85,5.1,D
19.54602,-102.51492,319.86,1.27,1.12,2025-03-25,1618,T,60,6.1NRT,304.31,10.21,D
40.01204,-92.76909,301.98,1.03,1.01,2025-03-25,1611,T,50,6.1NRT,279.23,5.48,D
19.00499,-99.07629,318.51,1,1,2025-03-25,1618,T,40,6.1NRT,295.73,10.17,D
40.80478,-100.23049,349.36,1.72,1.29,2025-03-25,1611,T,95,6.1NRT,285.57,125.04,D
19.00364,-99.06702,326.09,1,1,2025-03-25,1618,T,72,6.1NRT,298.17,18.29,D
39.59268,-91.00002,311.35,1.17,1.08,2025-03-25,1611,T,71,6.1NRT,286.03,12.4,D
18.99623,-99.07755,322.26,1,1,2025-03-25,1618,T,65,6.1NRT,297.39,12.88,D
39.58334,-91.00266,305.78,1.17,1.08,2025-03-25,1611,T,58,6.1NRT,286.09,7.79,D
18.99488,-99.06833,356.72,1,1,2025-03-25,1618,T,98,6.1NRT,300.15,71.82,D
39.7515,-92.17542,302.31,1.06,1.03,2025-03-25,1611,T,52,6.1NRT,282.77,5.65,D
18.99353,-99.05908,322.2,1,1,2025-03-25,1618,T,50,6.1NRT,299.76,13.06,D
40.0866,-95.07887,350.57,1.02,1.01,2025-03-25,1611,T,96,6.1NRT,283.96,63.76,D
19.17301,-100.72168,336.8,1.04,1.02,2025-03-25,1618,T,87,6.1NRT,305.55,28.49,D
40.08503,-95.06728,321.39,1.02,1.01,2025-03-25,1611,T,78,6.1NRT,279.68,17.96,D
19.17165,-100.7119,336.14,1.04,1.02,2025-03-25,1618,T,87,6.1NRT,306.56,26.61,D
40.07777,-95.08083,339,1.02,1.01,2025-03-25,1611,T,91,6.1NRT,278.46,42.17,D
19.38653,-102.70907,335.98,1.29,1.13,2025-03-25,1618,T,86,6.1NRT,309.25,36.54,D
39.59407,-93.62479,303.2,1,1,2025-03-25,1611,T,55,6.1NRT,278.5,6.39,D
19.3766,-102.71041,322.14,1.29,1.13,2025-03-25,1618,T,45,6.1NRT,306.64,12.6,D
39.55334,-93.71674,305.74,1,1,2025-03-25,1611,T,62,6.1NRT,281.06,7.94,D
17.89259,-93.17753,321.13,2.19,1.44,2025-03-25,1618,T,78,6.1NRT,290.55,43.55,D
39.44778,-93.69048,300.11,1,1,2025-03-25,1611,T,28,6.1NRT,276.15,4.78,D
17.84089,-93.105,309.05,2.23,1.45,2025-03-25,1618,T,56,6.1NRT,290.03,14.62,D
38.86464,-90.63126,320.7,1.24,1.11,2025-03-25,1611,T,76,6.1NRT,288.94,25.08,D
18.98315,-102.19445,327.29,1.2,1.09,2025-03-25,1618,T,75,6.1NRT,304.19,19.68,D
18.94948,-102.31279,340.69,1.21,1.1,2025-03-25,1618,T,89,6.1NRT,306.33,42.44,D
39.6598,-96.85088,330.88,1.13,1.06,2025-03-25,1611,T,86,6.1NRT,295.17,31.54,D
18.69931,-101.43987,317.35,1.1,1.04,2025-03-25,1618,T,29,6.1NRT,301.33,7.47,D
37.70031,-85.8435,306.21,2.5,1.52,2025-03-25,1611,T,59,6.1NRT,288.05,23.39,D
18.56778,-102.93385,342.38,1.31,1.13,2025-03-25,1618,T,90,6.1NRT,306.59,54.81,D
37.69207,-85.85307,302.41,2.5,1.52,2025-03-25,1611,T,52,6.1NRT,288.08,15.51,D
18.55784,-102.93535,348.96,1.31,1.13,2025-03-25,1618,T,94,6.1NRT,306.11,73.53,D
38.63493,-90.85926,301.38,1.23,1.1,2025-03-25,1611,T,47,6.1NRT,285.08,5.94,D
18.55779,-102.94122,335.86,1.31,1.13,2025-03-25,1618,T,86,6.1NRT,305.91,39.58,D
38.92064,-92.79778,321.45,1.04,1.02,2025-03-25,1611,T,81,6.1NRT,287.55,19.79,D
18.55625,-102.92927,325.43,1.3,1.13,2025-03-25,1618,T,76,6.1NRT,304.21,18.62,D
38.91196,-92.86031,308.36,1.04,1.02,2025-03-25,1611,T,67,6.1NRT,286.54,8.11,D
17.89522,-98.50935,316.42,1.04,1.02,2025-03-25,1618,T,57,6.1NRT,301.53,5.17,D
37.41774,-85.84637,302.53,2.54,1.53,2025-03-25,1611,T,53,6.1NRT,287.93,18.64,D
37.42284,-85.85016,302.5,2.54,1.53,2025-03-25,1611,T,52,6.1NRT,288,18.83,D
17.8938,-98.49993,330.6,1.04,1.02,2025-03-25,1618,T,82,6.1NRT,302.13,21.29,D
37.97344,-89.55727,302.56,1.47,1.2,2025-03-25,1611,T,53,6.1NRT,289.63,7.42,D
18.05453,-99.71452,323.45,1,1,2025-03-25,1618,T,68,6.1NRT,305.96,10.38,D
37.97046,-89.54126,310.06,1.47,1.2,2025-03-25,1611,T,69,6.1NRT,291.03,15.82,D
37.51811,-87.24308,307.01,2.07,1.4,2025-03-25,1611,T,65,6.1NRT,290.18,15.53,D
17.93482,-102.21093,319.21,1.17,1.08,2025-03-25,1618,T,0,6.1NRT,303.71,10.05,D
38.37296,-91.9974,301.79,1.11,1.05,2025-03-25,1611,T,49,6.1NRT,288.08,5.31,D
17.93343,-102.20021,318.96,1.17,1.08,2025-03-25,1618,T,0,6.1NRT,303.77,9.53,D
38.53,-93.39093,302.78,1.02,1.01,2025-03-25,1611,T,37,6.1NRT,289.56,4.79,D
38.36696,-93.47832,305.97,1.02,1.01,2025-03-25,1611,T,63,6.1NRT,290.96,6.03,D
37.85133,-90.89291,301.6,1.26,1.11,2025-03-25,1611,T,48,6.1NRT,291.1,5.07,D
37.84892,-90.87911,304.91,1.26,1.12,2025-03-25,1611,T,60,6.1NRT,290.72,7.61,D
37.70566,-90.30728,302.22,1.35,1.15,2025-03-25,1611,T,51,6.1NRT,290.42,5.92,D
37.25286,-89.38536,310.32,1.55,1.23,2025-03-25,1611,T,69,6.1NRT,290.37,17.16,D
37.24224,-89.38843,301.84,1.55,1.23,2025-03-25,1611,T,33,6.1NRT,289.92,6.36,D
37.11596,-88.7412,303.35,1.71,1.28,2025-03-25,1611,T,55,6.1NRT,291.43,8.72,D
36.63884,-86.57497,300.31,2.4,1.49,2025-03-25,1611,T,34,6.1NRT,289.57,10.15,D
37.37877,-90.62283,319.26,1.32,1.14,2025-03-25,1611,T,79,6.1NRT,293.67,22.42,D
37.27856,-90.64213,305.59,1.32,1.14,2025-03-25,1611,T,51,6.1NRT,293.8,6.9,D
37.42324,-92.00073,315.36,1.14,1.07,2025-03-25,1611,T,75,6.1NRT,292.43,14.98,D
37.42115,-91.98834,305.56,1.14,1.07,2025-03-25,1611,T,58,6.1NRT,292.03,6.39,D
36.57851,-87.61219,302.14,2.07,1.4,2025-03-25,1611,T,49,6.1NRT,291.03,10.72,D
37.0607,-90.12395,303.01,1.42,1.18,2025-03-25,1611,T,31,6.1NRT,289.68,5.12,D
36.57141,-87.59802,302.98,2.07,1.4,2025-03-25,1611,T,52,6.1NRT,291.28,12.25,D
36.82523,-90.26773,306.86,1.41,1.18,2025-03-25,1611,T,57,6.1NRT,293.58,6.21,D
35.05818,-82.67942,303.12,4.68,1.98,2025-03-25,1611,T,52,6.1NRT,288.06,49.2,D
36.75134,-90.37389,305.18,1.4,1.17,2025-03-25,1611,T,53,6.1NRT,293.01,5.64,D
35.05758,-82.68919,303.53,4.68,1.98,2025-03-25,1611,T,53,6.1NRT,287.95,52.8,D
36.58046,-90.40284,331.01,1.4,1.17,2025-03-25,1611,T,75,6.1NRT,296.54,40.28,D
36.57767,-90.3878,322.83,1.41,1.17,2025-03-25,1611,T,76,6.1NRT,295.89,24.57,D
36.3027,-89.54894,307.38,1.59,1.24,2025-03-25,1611,T,32,6.1NRT,293.24,8.76,D
36.2994,-89.53202,307.63,1.6,1.24,2025-03-25,1611,T,44,6.1NRT,293.44,9.35,D
36.2976,-89.53834,311.23,1.6,1.24,2025-03-25,1611,T,63,6.1NRT,293.7,15.66,D
37.32512,-96.22382,341.25,1.04,1.02,2025-03-25,1611,T,92,6.1NRT,288.55,42.98,D
37.32362,-96.21246,327.54,1.03,1.02,2025-03-25,1611,T,46,6.1NRT,288.55,21.86,D
37.25846,-96.20897,317.06,1.03,1.02,2025-03-25,1611,T,74,6.1NRT,294.18,10.09,D
37.25695,-96.19763,317.52,1.03,1.02,2025-03-25,1611,T,52,6.1NRT,295.21,10.18,D
37.33767,-96.89246,316.16,1.08,1.04,2025-03-25,1611,T,50,6.1NRT,287.49,12.94,D
36.38637,-90.81544,323.79,1.35,1.15,2025-03-25,1611,T,81,6.1NRT,295.88,25.64,D
37.22136,-96.3446,364.51,1.04,1.02,2025-03-25,1611,T,100,6.1NRT,299.3,99.48,D
37.21988,-96.33323,351.63,1.04,1.02,2025-03-25,1611,T,96,6.1NRT,298.44,64.45,D
37.05919,-95.9623,312.88,1.02,1.01,2025-03-25,1611,T,69,6.1NRT,291.63,7.65,D
37.0805,-96.25742,321.55,1.03,1.02,2025-03-25,1611,T,79,6.1NRT,294.78,15.08,D
37.079,-96.24609,323.76,1.03,1.02,2025-03-25,1611,T,81,6.1NRT,294.78,17.86,D
37.0775,-96.23479,317.92,1.03,1.02,2025-03-25,1611,T,73,6.1NRT,293.31,11,D
37.0701,-96.24788,368.94,1.03,1.02,2025-03-25,1611,T,100,6.1NRT,298.26,111.5,D
37.06861,-96.2366,342.98,1.03,1.02,2025-03-25,1611,T,92,6.1NRT,296.55,43.9,D
37.04178,-96.10353,314.45,1.03,1.01,2025-03-25,1611,T,71,6.1NRT,296,9.19,D
37.03896,-96.28896,313.98,1.03,1.02,2025-03-25,1611,T,60,6.1NRT,295.47,8.03,D
37.00928,-96.13311,319.68,1.03,1.01,2025-03-25,1611,T,77,6.1NRT,293.55,13.95,D
37.35209,-99.39995,323.12,1.39,1.17,2025-03-25,1611,T,77,6.1NRT,297.98,24.54,D
37.35048,-99.38462,312.66,1.39,1.17,2025-03-25,1611,T,60,6.1NRT,297.52,9.09,D
36.90468,-95.77219,342.34,1.01,1.01,2025-03-25,1611,T,92,6.1NRT,287.79,45.53,D
36.0413,-90.79802,319.17,1.37,1.16,2025-03-25,1611,T,76,6.1NRT,298.14,17,D
37.21381,-98.96084,325.71,1.31,1.14,2025-03-25,1611,T,80,6.1NRT,297.91,27.49,D
36.62892,-94.67018,307.32,1,1,2025-03-25,1611,T,58,6.1NRT,286.83,7.59,D
36.02563,-91.05799,320.37,1.33,1.14,2025-03-25,1611,T,77,6.1NRT,298.12,17.87,D
36.02306,-91.04387,322.66,1.33,1.14,2025-03-25,1611,T,79,6.1NRT,297.11,21.15,D
36.02409,-91.04932,325.69,1.33,1.14,2025-03-25,1611,T,82,6.1NRT,298.07,24.5,D
35.922,-90.71346,311.18,1.39,1.17,2025-03-25,1611,T,64,6.1NRT,295.6,11.64,D
36.10109,-92.01,315.53,1.19,1.09,2025-03-25,1611,T,71,6.1NRT,295.17,13.48,D
36.09788,-92.01742,316.7,1.19,1.09,2025-03-25,1611,T,73,6.1NRT,295.04,15.78,D
36.09571,-92.00454,307.96,1.19,1.09,2025-03-25,1611,T,55,6.1NRT,294.78,7.03,D
35.90909,-91.74827,310.95,1.23,1.1,2025-03-25,1611,T,64,6.1NRT,294.99,9.98,D
35.42354,-89.42694,304.36,1.69,1.28,2025-03-25,1611,T,26,6.1NRT,293.45,7.12,D
36.55688,-96.54979,317.32,1.04,1.02,2025-03-25,1611,T,48,6.1NRT,286.15,11.09,D
35.60273,-91.12804,312.31,1.34,1.15,2025-03-25,1611,T,40,6.1NRT,298.51,9.27,D
36.39669,-96.66348,320.83,1.05,1.02,2025-03-25,1611,T,79,6.1NRT,278.9,16.76,D
35.50546,-91.27829,311.86,1.32,1.14,2025-03-25,1611,T,66,6.1NRT,297.16,8.09,D
35.00311,-88.77455,305.89,1.9,1.35,2025-03-25,1611,T,54,6.1NRT,294.66,11.81,D
34.99917,-88.75479,304.41,1.91,1.35,2025-03-25,1611,T,46,6.1NRT,294.34,9.65,D
34.9501,-89.9464,309,1.61,1.25,2025-03-25,1611,T,60,6.1NRT,295.76,9.51,D
34.17477,-86.38129,302.41,2.86,1.61,2025-03-25,1611,T,46,6.1NRT,291.11,16.96,D
34.29259,-87.28039,308.03,2.48,1.52,2025-03-25,1611,T,64,6.1NRT,292.58,24.6,D
34.6389,-89.01041,308.69,1.87,1.34,2025-03-25,1611,T,62,6.1NRT,293.76,15.58,D
34.71305,-89.8636,312.41,1.65,1.26,2025-03-25,1611,T,67,6.1NRT,294.55,16.73,D
34.70973,-89.84637,309.59,1.65,1.26,2025-03-25,1611,T,62,6.1NRT,294.43,12.55,D
35.93683,-98.29337,316.59,1.18,1.08,2025-03-25,1611,T,68,6.1NRT,298.46,11.83,D
35.15347,-96.46429,314.48,1.02,1.01,2025-03-25,1611,T,67,6.1NRT,297.98,8.25,D
35.03326,-96.0627,318.49,1.01,1,2025-03-25,1611,T,74,6.1NRT,298.08,11.95,D
35.03176,-96.05196,323.99,1.01,1,2025-03-25,1611,T,80,6.1NRT,299.07,17.56,D
34.99248,-96.22511,323.6,1.01,1,2025-03-25,1611,T,75,6.1NRT,297.35,16.31,D
35.05111,-97.15266,317.01,1.05,1.03,2025-03-25,1611,T,69,6.1NRT,299.02,9.34,D
35.04965,-97.1414,317.62,1.05,1.02,2025-03-25,1611,T,70,6.1NRT,299.02,10.1,D
35.04211,-97.15436,313.78,1.05,1.03,2025-03-25,1611,T,10,6.1NRT,299.36,5.92,D
34.263,-92.22989,310.59,1.24,1.11,2025-03-25,1611,T,59,6.1NRT,297.19,9.55,D
34.84204,-96.08061,313.44,1.01,1,2025-03-25,1611,T,34,6.1NRT,295.31,7.82,D
34.84055,-96.06995,318.99,1.01,1,2025-03-25,1611,T,74,6.1NRT,294.09,12.78,D
34.83907,-96.05928,311.02,1.01,1,2025-03-25,1611,T,33,6.1NRT,291.8,5.58,D
34.92556,-96.96576,315.33,1.04,1.02,2025-03-25,1611,T,57,6.1NRT,298.52,8.24,D
34.9241,-96.95467,315.74,1.04,1.02,2025-03-25,1611,T,66,6.1NRT,299.57,8.51,D
34.81286,-96.13033,315.79,1.01,1,2025-03-25,1611,T,69,6.1NRT,296.57,9.51,D
34.83209,-96.33561,316.4,1.01,1.01,2025-03-25,1611,T,69,6.1NRT,298.34,9.99,D
34.78706,-96.41685,312.07,1.01,1.01,2025-03-25,1611,T,59,6.1NRT,297.55,6.49,D
34.65176,-95.9127,317.53,1,1,2025-03-25,1611,T,71,6.1NRT,298.12,9.96,D
34.61521,-95.90913,310.5,1,1,2025-03-25,1611,T,44,6.1NRT,295.96,5.07,D
34.65456,-96.66566,327.23,1.02,1.01,2025-03-25,1611,T,81,6.1NRT,298.86,20.47,D
34.65309,-96.65482,335.38,1.02,1.01,2025-03-25,1611,T,87,6.1NRT,299.78,31.68,D
34.58981,-96.2591,313.33,1.01,1,2025-03-25,1611,T,62,6.1NRT,298.18,7.38,D
34.78087,-98.85835,317.16,1.22,1.1,2025-03-25,1611,T,64,6.1NRT,301.75,10.06,D
34.77938,-98.84535,348.3,1.21,1.1,2025-03-25,1611,T,94,6.1NRT,303.7,68.06,D
34.37569,-96.71613,312.65,1.02,1.01,2025-03-25,1611,T,58,6.1NRT,300.24,5.13,D
34.33507,-96.89645,311.79,1.03,1.01,2025-03-25,1611,T,53,6.1NRT,299.9,4.55,D
34.3336,-96.88557,312.98,1.03,1.01,2025-03-25,1611,T,58,6.1NRT,300.79,5.33,D
34.32618,-96.89814,325.99,1.03,1.01,2025-03-25,1611,T,79,6.1NRT,300.78,17.92,D
34.32472,-96.88728,328.15,1.03,1.01,2025-03-25,1611,T,81,6.1NRT,301.49,20.41,D
34.15271,-95.65438,314.36,1,1,2025-03-25,1611,T,67,6.1NRT,295.8,8.54,D
34.53767,-98.63264,324.14,1.18,1.08,2025-03-25,1611,T,66,6.1NRT,302.02,16.81,D
34.52818,-98.63424,323.35,1.18,1.08,2025-03-25,1611,T,62,6.1NRT,301.7,15.54,D
33.90408,-95.58807,311.63,1,1,2025-03-25,1611,T,26,6.1NRT,299.8,6.59,D
33.83653,-95.32726,315.68,1,1,2025-03-25,1611,T,70,6.1NRT,297.39,9.84,D
33.9787,-96.989,310.21,1.03,1.01,2025-03-25,1611,T,29,6.1NRT,298.21,4.8,D
33.91911,-97.08893,314.11,1.03,1.02,2025-03-25,1611,T,60,6.1NRT,300.98,6.57,D
33.9102,-97.09062,338.44,1.03,1.02,2025-03-25,1611,T,89,6.1NRT,301.43,36.24,D
33.92702,-97.43108,313.59,1.05,1.02,2025-03-25,1611,T,51,6.1NRT,301.66,4.51,D
33.92556,-97.41998,316.28,1.05,1.02,2025-03-25,1611,T,65,6.1NRT,303.06,6.46,D
33.64121,-95.56396,314.52,1,1,2025-03-25,1611,T,66,6.1NRT,297.68,6.96,D
34.32551,-102.47217,326.68,1.96,1.37,2025-03-25,1611,T,78,6.1NRT,301.39,47.18,D
33.45621,-95.95324,318.71,1,1,2025-03-25,1611,T,72,6.1NRT,299.28,10.82,D
33.45471,-95.94281,313.62,1,1,2025-03-25,1611,T,63,6.1NRT,299.34,6.48,D
33.07363,-94.21117,310.06,1.07,1.03,2025-03-25,1611,T,63,6.1NRT,294.33,6.8,D
33.46696,-97.36636,314.78,1.04,1.02,2025-03-25,1613,T,60,6.1NRT,300.71,6.77,D
33.45802,-97.36797,328.93,1.04,1.02,2025-03-25,1613,T,81,6.1NRT,301.18,21.64,D
32.81568,-93.48622,315.03,1.14,1.06,2025-03-25,1613,T,58,6.1NRT,290.58,12.13,D
32.80869,-93.48215,324.44,1.14,1.06,2025-03-25,1613,T,82,6.1NRT,290.88,23.98,D
33.09968,-95.41113,310.61,1.01,1,2025-03-25,1613,T,59,6.1NRT,297.27,5.79,D
32.79016,-93.4864,309.82,1.14,1.06,2025-03-25,1613,T,30,6.1NRT,289.34,7.49,D
33.06026,-95.26812,309.11,1.01,1.01,2025-03-25,1613,T,56,6.1NRT,294,5.09,D
33.05869,-95.25762,307.59,1.01,1.01,2025-03-25,1613,T,42,6.1NRT,291.32,3.94,D
33.13408,-96.07936,313.36,1,1,2025-03-25,1613,T,48,6.1NRT,296.5,6.75,D
33.13259,-96.06896,317.35,1,1,2025-03-25,1613,T,70,6.1NRT,297.31,10.24,D
33.12533,-96.08109,312.47,1,1,2025-03-25,1613,T,15,6.1NRT,297.72,5.6,D
33.12384,-96.0707,316.68,1,1,2025-03-25,1613,T,61,6.1NRT,296.92,9.18,D
32.493,-95.25021,309.05,1.02,1.01,2025-03-25,1613,T,64,6.1NRT,286.67,5.83,D
32.33125,-94.50237,322.34,1.06,1.03,2025-03-25,1613,T,81,6.1NRT,285.16,19.47,D
32.32951,-94.49146,319.91,1.06,1.03,2025-03-25,1613,T,79,6.1NRT,284.88,16.94,D
32.77822,-98.16265,317.56,1.09,1.04,2025-03-25,1613,T,65,6.1NRT,302.76,8.93,D
32.05082,-93.50841,331.24,1.16,1.07,2025-03-25,1613,T,87,6.1NRT,277.61,37.18,D
32.74222,-98.89444,323.54,1.16,1.07,2025-03-25,1613,T,73,6.1NRT,304.16,15.13,D
32.0775,-95.25294,309.1,1.02,1.01,2025-03-25,1613,T,67,6.1NRT,289.73,6.48,D
32.36258,-97.86321,316.86,1.06,1.03,2025-03-25,1613,T,65,6.1NRT,301.04,7.75,D
32.36117,-97.85233,315.41,1.06,1.03,2025-03-25,1613,T,61,6.1NRT,301.22,6.52,D
31.53159,-94.90163,322.88,1.05,1.02,2025-03-25,1613,T,79,6.1NRT,296.84,18.6,D
31.72706,-96.32751,310.73,1,1,2025-03-25,1613,T,53,6.1NRT,296.43,5.88,D
31.23426,-94.65958,311.34,1.07,1.03,2025-03-25,1613,T,64,6.1NRT,297.15,7.61,D
31.35835,-95.82838,310.29,1.01,1,2025-03-25,1613,T,54,6.1NRT,296.95,5.18,D
31.14166,-96.42534,317.86,1,1,2025-03-25,1613,T,70,6.1NRT,298.83,10.61,D
31.12391,-96.30325,312.46,1,1,2025-03-25,1613,T,59,6.1NRT,298.09,6.91,D
31.02609,-95.96114,312.29,1.01,1,2025-03-25,1613,T,61,6.1NRT,299.36,5.2,D
31.0934,-96.67029,321.7,1,1,2025-03-25,1613,T,75,6.1NRT,299.88,12.47,D
31.08465,-96.67194,316.28,1,1,2025-03-25,1613,T,29,6.1NRT,298.88,7.18,D
31.07739,-96.70078,328.09,1,1,2025-03-25,1613,T,81,6.1NRT,301.03,20.54,D
31.07594,-96.69061,315.8,1,1,2025-03-25,1613,T,65,6.1NRT,299.7,8.09,D
30.8102,-96.50311,314.23,1,1,2025-03-25,1613,T,63,6.1NRT,298.45,7.4,D
30.80145,-96.50477,317.05,1,1,2025-03-25,1613,T,68,6.1NRT,298.94,9.78,D
30.36847,-95.28776,309.22,1.05,1.02,2025-03-25,1613,T,55,6.1NRT,297.78,5.04,D
30.29911,-95.31911,308.88,1.04,1.02,2025-03-25,1613,T,45,6.1NRT,297.97,4.15,D
29.67056,-92.22085,309.18,1.49,1.21,2025-03-25,1613,T,43,6.1NRT,294.59,8.94,D
30.42702,-96.99056,313.51,1,1,2025-03-25,1613,T,56,6.1NRT,301.07,5.25,D
30.14814,-95.18139,309.2,1.06,1.03,2025-03-25,1613,T,41,6.1NRT,298.23,4.63,D
29.93391,-94.93954,315.45,1.08,1.04,2025-03-25,1613,T,67,6.1NRT,300.1,7.89,D
30.1131,-96.34691,314.57,1,1,2025-03-25,1613,T,62,6.1NRT,301,6.79,D
29.78789,-94.89249,315.03,1.09,1.04,2025-03-25,1613,T,64,6.1NRT,301.17,8.13,D
29.93612,-95.9761,310.76,1.02,1.01,2025-03-25,1613,T,39,6.1NRT,298.71,4.86,D
29.26601,-96.12884,316.41,1.02,1.01,2025-03-25,1613,T,65,6.1NRT,300.63,7.87,D
29.31799,-97.76937,323.87,1.01,1.01,2025-03-25,1613,T,75,6.1NRT,302.4,12.29,D
28.94608,-96.46349,324.22,1.01,1,2025-03-25,1613,T,76,6.1NRT,302.84,12.25,D
29.29327,-100.14114,315.86,1.22,1.1,2025-03-25,1613,T,24,6.1NRT,297.98,7.34,D
28.68861,-95.98415,321.91,1.03,1.01,2025-03-25,1613,T,72,6.1NRT,299.39,14.16,D
28.69576,-96.15034,315.05,1.02,1.01,2025-03-25,1613,T,48,6.1NRT,302.33,5.5,D
28.81769,-97.69883,320.54,1.01,1,2025-03-25,1613,T,66,6.1NRT,302.23,10.52,D
28.66895,-96.84778,319.02,1,1,2025-03-25,1613,T,50,6.1NRT,302.65,5.98,D
27.38345,-97.66827,336.96,1,1,2025-03-25,1613,T,76,6.1NRT,303.15,30.07,D
27.38206,-97.65845,364.08,1,1,2025-03-25,1613,T,94,6.1NRT,303.36,89.06,D
27.37329,-97.65999,340.48,1,1,2025-03-25,1613,T,68,6.1NRT,301.7,35.54,D
27.23604,-98.26807,317.73,1.01,1.01,2025-03-25,1613,T,65,6.1NRT,298.84,8.82,D
27.23466,-98.25815,322.76,1.01,1.01,2025-03-25,1613,T,74,6.1NRT,298.64,13.84,D
26.86375,-97.84636,329.15,1,1,2025-03-25,1613,T,75,6.1NRT,299.76,18.72,D
26.85637,-97.85766,361.65,1,1,2025-03-25,1613,T,100,6.1NRT,301.81,82.17,D
26.85498,-97.84788,375.27,1,1,2025-03-25,1613,T,100,6.1NRT,304.26,125.91,D
26.85359,-97.8381,320.43,1,1,2025-03-25,1613,T,70,6.1NRT,300.21,8.64,D
26.84899,-97.86895,317.8,1,1,2025-03-25,1613,T,64,6.1NRT,299.81,7.9,D
26.8476,-97.85917,365.24,1,1,2025-03-25,1613,T,100,6.1NRT,303.94,92.37,D
26.84621,-97.8494,333.39,1,1,2025-03-25,1613,T,84,6.1NRT,301.14,23.59,D
46.09369,-119.67906,303.6,1.13,1.06,2025-03-25,1749,T,56,6.1NRT,285.25,3.74,D
42.6432,-103.55246,304.54,4.61,1.97,2025-03-25,1749,T,51,6.1NRT,282,44.43,D
42.62854,-103.4994,305.83,4.64,1.97,2025-03-25,1749,T,54,6.1NRT,285.1,51.07,D
43.83792,-118.30745,326.55,1.01,1.01,2025-03-25,1749,T,84,6.1NRT,287.21,24.55,D
43.83624,-118.29517,327.47,1.01,1,2025-03-25,1749,T,85,6.1NRT,287.09,25.58,D
42.68792,-111.59235,314.94,1.61,1.25,2025-03-25,1749,T,0,6.1NRT,281.01,30.37,D
42.96914,-120.75344,304.04,1.14,1.06,2025-03-25,1749,T,19,6.1NRT,282.44,5.11,D
41.74706,-122.67604,309.09,1.34,1.15,2025-03-25,1749,T,68,6.1NRT,287.91,11.99,D
41.74554,-122.66112,312.82,1.33,1.14,2025-03-25,1749,T,73,6.1NRT,290.08,15.53,D
39.5393,-118.59977,327.81,1,1,2025-03-25,1749,T,82,6.1NRT,301.58,18.13,D
39.93161,-121.71796,316.11,1.15,1.07,2025-03-25,1749,T,71,6.1NRT,297.16,11.02,D
39.76303,-121.92931,315.48,1.17,1.08,2025-03-25,1749,T,76,6.1NRT,298.67,11.38,D
39.64799,-122.01827,310.16,1.18,1.08,2025-03-25,1749,T,69,6.1NRT,295.73,8.29,D
39.64642,-122.00491,323.44,1.18,1.08,2025-03-25,1749,T,82,6.1NRT,295.93,23.17,D
39.52197,-121.44259,310.23,1.12,1.05,2025-03-25,1749,T,65,6.1NRT,294.68,7.83,D
39.41369,-122.25333,318.11,1.2,1.09,2025-03-25,1749,T,60,6.1NRT,301.11,13.67,D
39.41217,-122.23977,319.77,1.2,1.09,2025-03-25,1749,T,78,6.1NRT,301.11,15.09,D
39.4026,-122.24154,316.46,1.2,1.09,2025-03-25,1749,T,45,6.1NRT,300.03,10.97,D
38.25303,-120.71734,307.49,1.04,1.02,2025-03-25,1749,T,60,6.1NRT,296.5,5.08,D
38.03471,-120.25935,307.48,1.02,1.01,2025-03-25,1749,T,61,6.1NRT,295.72,5.07,D
37.02474,-121.55075,315.53,1.07,1.03,2025-03-25,1749,T,65,6.1NRT,303.44,7.58,D
36.33543,-121.34436,334.02,1.05,1.02,2025-03-25,1749,T,86,6.1NRT,300.49,29.81,D
36.33397,-121.33316,316.26,1.04,1.02,2025-03-25,1749,T,54,6.1NRT,301.37,7.81,D
36.32644,-121.34589,316.33,1.05,1.02,2025-03-25,1749,T,57,6.1NRT,298.84,8.73,D
35.73001,-120.61159,309.42,1.01,1,2025-03-25,1752,T,43,6.1NRT,292.39,4.89,D
34.88644,-120.26869,311.69,1,1,2025-03-25,1752,T,65,6.1NRT,298.06,6.02,D
34.80685,-120.42216,307.35,1,1,2025-03-25,1752,T,35,6.1NRT,293.7,4.08,D
32.64783,-114.55603,336.29,1.82,1.32,2025-03-25,1752,T,84,6.1NRT,308.42,60.85,D
32.65158,-114.56145,333.22,1.82,1.32,2025-03-25,1752,T,81,6.1NRT,308.26,50.34,D
19.40924,-155.28383,317.77,2.21,1.44,2025-03-25,1934,T,67,6.1NRT,295.58,35.59,D
19.40707,-155.26337,312.98,2.2,1.44,2025-03-25,1934,T,40,6.1NRT,292.26,23.58,D
29.86869,-82.05199,311.52,3.09,1.67,2025-03-25,1906,A,37,6.1NRT,293.66,27.69,D
29.99415,-82.67635,321.63,3.39,1.74,2025-03-25,1906,A,74,6.1NRT,300.04,73.87,D
29.99186,-82.68285,323.98,3.39,1.74,2025-03-25,1906,A,77,6.1NRT,299.78,93.02,D
30.49022,-82.68984,307.23,3.3,1.72,2025-03-25,1906,A,53,6.1NRT,295.6,24.89,D
30.48284,-82.72223,309.93,3.32,1.72,2025-03-25,1906,A,61,6.1NRT,296.05,33.56,D
30.66876,-83.42278,311.08,3.66,1.79,2025-03-25,1906,A,41,6.1NRT,296.47,36.56,D
30.66052,-83.45872,312.32,3.68,1.8,2025-03-25,1906,A,47,6.1NRT,297.39,44.02,D
30.67839,-83.4297,314.88,3.66,1.79,2025-03-25,1906,A,71,6.1NRT,296.62,62.07,D
30.66997,-83.46546,312.65,3.68,1.8,2025-03-25,1906,A,68,6.1NRT,297.29,51.67,D
30.54165,-84.07624,310.16,4.08,1.87,2025-03-25,1906,A,62,6.1NRT,296.04,49.06,D
30.5321,-84.11605,308.26,4.11,1.88,2025-03-25,1906,A,53,6.1NRT,296.07,37.83,D
30.65925,-84.08358,306.75,4.05,1.87,2025-03-25,1906,A,53,6.1NRT,295.84,30.64,D
30.76935,-83.90957,307.19,3.92,1.84,2025-03-25,1906,A,53,6.1NRT,295.72,30.04,D
31.91599,-81.63841,306.28,2.57,1.54,2025-03-25,1906,A,51,6.1NRT,295.83,14.51,D
32.5605,-81.82171,312.9,2.55,1.54,2025-03-25,1906,A,69,6.1NRT,297.08,32.08,D
32.92339,-81.6892,307.04,2.45,1.51,2025-03-25,1906,A,56,6.1NRT,296.97,14.85,D
32.79332,-82.40335,306.86,2.75,1.59,2025-03-25,1906,A,55,6.1NRT,295.98,19.39,D
33.15289,-81.87912,311.5,2.49,1.52,2025-03-25,1906,A,66,6.1NRT,297.6,25.64,D
33.14894,-81.88472,309.28,2.49,1.52,2025-03-25,1906,A,61,6.1NRT,297.4,19.52,D
34.19238,-78.54726,310.73,1.44,1.19,2025-03-25,1906,A,63,6.1NRT,299.93,11.23,D
34.20539,-78.53509,349.87,1.44,1.19,2025-03-25,1906,A,95,6.1NRT,298.59,98.97,D
34.20263,-78.55009,424.5,1.44,1.19,2025-03-25,1906,A,100,6.1NRT,314.06,736.97,D
34.19987,-78.56512,326.76,1.45,1.19,2025-03-25,1906,A,82,6.1NRT,298.21,35.68,D
34.20131,-78.54064,385.18,1.44,1.19,2025-03-25,1906,A,100,6.1NRT,305.95,293.88,D
34.19846,-78.55563,383.61,1.44,1.19,2025-03-25,1906,A,100,6.1NRT,311.3,282.66,D
34.21156,-78.54346,306.14,1.44,1.19,2025-03-25,1906,A,43,6.1NRT,294.55,7.29,D
35.37305,-77.40668,311.31,1.2,1.09,2025-03-25,1906,A,57,6.1NRT,299.27,7.84,D
35.14258,-79.111,311.1,1.49,1.2,2025-03-25,1906,A,63,6.1NRT,295.34,11.95,D
35.13955,-79.12675,314.73,1.49,1.21,2025-03-25,1906,A,71,6.1NRT,295.85,17.09,D
36.28289,-78.39967,304.49,1.29,1.13,2025-03-25,1906,A,44,6.1NRT,293.47,4.75,D
35.05822,-84.75517,305.65,3.41,1.74,2025-03-25,1906,A,54,6.1NRT,293.83,23.66,D
37.13731,-76.6098,362.81,1.07,1.03,2025-03-25,1906,A,0,6.1NRT,294.75,100.65,D
37.13543,-76.6214,361.91,1.07,1.03,2025-03-25,1906,A,100,6.1NRT,292.88,102.07,D
37.19586,-76.59546,306.14,1.06,1.03,2025-03-25,1906,A,53,6.1NRT,291.9,4.77,D
36.99681,-77.88725,310.28,1.19,1.09,2025-03-25,1906,A,69,6.1NRT,294.77,9.64,D
37.65148,-75.70628,302.07,1.01,1.01,2025-03-25,1906,A,47,6.1NRT,289.75,3.69,D
40.39536,-77.16609,301.73,1.04,1.02,2025-03-25,1908,A,49,6.1NRT,290.57,3.66,D
40.59283,-76.4399,305.7,1.01,1,2025-03-25,1908,A,62,6.1NRT,287.2,6.86,D
41.35596,-88.13985,304.14,3.57,1.77,2025-03-25,1908,A,27,6.1NRT,284.82,34.73,D
41.96916,-88.42473,328.57,3.55,1.77,2025-03-25,1908,A,86,6.1NRT,286.47,172.16,D
41.97945,-88.43738,308.81,3.55,1.77,2025-03-25,1908,A,68,6.1NRT,286.04,55.45,D
18.10412,-71.35215,336.69,1.07,1.03,2025-03-25,1902,A,88,6.1NRT,300.74,36.4,D
18.48371,-69.4924,320.45,1,1,2025-03-25,1902,A,71,6.1NRT,300.87,10.01,D
18.48238,-69.50162,321.82,1,1,2025-03-25,1902,A,73,6.1NRT,301.89,11.55,D
18.37777,-70.89204,321.08,1.03,1.01,2025-03-25,1902,A,63,6.1NRT,307.6,7.49,D
18.30621,-71.4218,326.58,1.07,1.03,2025-03-25,1902,A,73,6.1NRT,313.31,10.89,D
18.30471,-71.43156,327.14,1.07,1.03,2025-03-25,1902,A,53,6.1NRT,312.14,12.81,D
18.74834,-68.99541,322.54,1.02,1.01,2025-03-25,1902,A,64,6.1NRT,304.48,10.42,D
18.75587,-69.00616,322.67,1.02,1.01,2025-03-25,1902,A,65,6.1NRT,302.96,10.32,D
18.53772,-70.75732,335.91,1.02,1.01,2025-03-25,1902,A,86,6.1NRT,307.1,28.49,D
18.64058,-70.12889,315.59,1,1,2025-03-25,1902,A,41,6.1NRT,299.46,6.6,D
18.54659,-70.75856,357.72,1.02,1.01,2025-03-25,1902,A,99,6.1NRT,306.08,74.1,D
18.54516,-70.76801,324.39,1.02,1.01,2025-03-25,1902,A,75,6.1NRT,306.73,14.37,D
18.61743,-70.78577,328.11,1.02,1.01,2025-03-25,1902,A,80,6.1NRT,299.9,20.4,D
18.55191,-71.51156,321.54,1.07,1.03,2025-03-25,1902,A,72,6.1NRT,300.13,14.09,D
18.55789,-71.5329,338.05,1.07,1.03,2025-03-25,1902,A,88,6.1NRT,303.6,36.37,D
18.55639,-71.54257,331.7,1.07,1.03,2025-03-25,1902,A,83,6.1NRT,301.89,26.77,D
18.90929,-71.04649,322.41,1.03,1.01,2025-03-25,1902,A,63,6.1NRT,297.85,15.4,D
20.03015,-75.59209,313.74,1.77,1.3,2025-03-25,1904,A,58,6.1NRT,298.89,17.17,D
20.02736,-75.60793,320.08,1.78,1.31,2025-03-25,1904,A,72,6.1NRT,298.67,31.28,D
20.02834,-75.59861,323.16,1.77,1.3,2025-03-25,1904,A,77,6.1NRT,299.08,34.39,D
20.01583,-75.92851,325.27,1.87,1.34,2025-03-25,1904,A,79,6.1NRT,302.72,36.6,D
20.17496,-75.75557,318.83,1.81,1.32,2025-03-25,1904,A,71,6.1NRT,302.29,15.85,D
20.24325,-75.82924,321.69,1.82,1.32,2025-03-25,1904,A,77,6.1NRT,301.95,20.74,D
20.2917,-75.80867,322.68,1.81,1.32,2025-03-25,1904,A,53,6.1NRT,301.41,28.98,D
20.43574,-75.72443,312.67,1.78,1.31,2025-03-25,1904,A,0,6.1NRT,288.23,17.96,D
20.43629,-76.09889,336.82,1.89,1.34,2025-03-25,1904,A,88,6.1NRT,308.17,60.56,D
20.62945,-75.3462,316.07,1.65,1.26,2025-03-25,1904,A,63,6.1NRT,297.95,16.36,D
20.79035,-78.03022,322.35,2.6,1.55,2025-03-25,1904,A,49,6.1NRT,302.77,33.19,D
20.86057,-77.92762,320.73,2.54,1.53,2025-03-25,1904,A,61,6.1NRT,302,22.07,D
20.86418,-78.12652,331.99,2.63,1.56,2025-03-25,1904,A,84,6.1NRT,302.2,86.24,D
20.85956,-78.1507,324.31,2.64,1.56,2025-03-25,1904,A,67,6.1NRT,301.95,46.07,D
20.85802,-78.13232,335.83,2.63,1.56,2025-03-25,1904,A,87,6.1NRT,301.45,108.11,D
20.85707,-78.20811,318.76,2.66,1.57,2025-03-25,1904,A,0,6.1NRT,301.47,25.27,D
21.33861,-77.37025,312.35,2.25,1.45,2025-03-25,1904,A,54,6.1NRT,296.8,14.95,D
42.53821,-88.51558,312.84,3.45,1.75,2025-03-25,1910,A,55,6.1NRT,279.79,75.42,D
42.53495,-88.52128,308.64,3.45,1.75,2025-03-25,1910,A,28,6.1NRT,280.05,52.29,D
31.64714,-96.00932,324.53,1.07,1.03,2025-03-25,2044,A,57,6.1NRT,305.62,13.5,D
32.04724,-93.51807,321.63,1.41,1.17,2025-03-25,2044,A,73,6.1NRT,302.23,19.67,D
32.14534,-95.65643,316.12,1.11,1.05,2025-03-25,2044,A,58,6.1NRT,303.31,7.01,D
32.72192,-93.50143,315.87,1.44,1.19,2025-03-25,2044,A,63,6.1NRT,297.43,15.39,D
32.72027,-93.51641,311.22,1.44,1.19,2025-03-25,2044,A,31,6.1NRT,298.02,8.28,D
33.16639,-89.32854,310.29,2.76,1.59,2025-03-25,2044,A,56,6.1NRT,296.7,24.85,D
33.16409,-89.35727,309.17,2.75,1.59,2025-03-25,2044,A,51,6.1NRT,297.01,21.23,D
33.17035,-89.33373,312.53,2.76,1.59,2025-03-25,2044,A,63,6.1NRT,296.78,32.18,D
33.26826,-95.62815,317.97,1.14,1.06,2025-03-25,2044,A,62,6.1NRT,304.01,9.14,D
32.41036,-101.6419,325.25,1.28,1.12,2025-03-25,2044,A,60,6.1NRT,312.53,8.74,D
33.53605,-94.92951,327.27,1.23,1.1,2025-03-25,2044,A,79,6.1NRT,304.05,24.54,D
33.45884,-95.95113,320.51,1.11,1.05,2025-03-25,2044,A,68,6.1NRT,304.12,10.93,D
33.84277,-95.32599,321.81,1.19,1.08,2025-03-25,2044,A,72,6.1NRT,302.13,14.84,D
34.01345,-97.26077,331.5,1.03,1.01,2025-03-25,2044,A,81,6.1NRT,304.3,22.24,D
34.01198,-97.27152,321.84,1.03,1.01,2025-03-25,2044,A,48,6.1NRT,303.35,10.43,D
34.34774,-95.97124,324.19,1.13,1.06,2025-03-25,2044,A,76,6.1NRT,303.96,15.2,D
34.32203,-96.89159,320.48,1.05,1.02,2025-03-25,2044,A,68,6.1NRT,306.6,8.14,D
33.91128,-100.18419,328.32,1.06,1.03,2025-03-25,2044,A,72,6.1NRT,311.28,13.33,D
33.90948,-100.19528,355.17,1.06,1.03,2025-03-25,2044,A,97,6.1NRT,311.84,65.06,D
33.90768,-100.20637,338.78,1.06,1.03,2025-03-25,2044,A,85,6.1NRT,311.02,28.51,D
34.37954,-97.14633,325.94,1.04,1.02,2025-03-25,2044,A,67,6.1NRT,308.14,12.61,D
34.37807,-97.15726,338.74,1.04,1.02,2025-03-25,2044,A,88,6.1NRT,309.69,30.49,D
34.38844,-97.14809,348.2,1.04,1.02,2025-03-25,2044,A,83,6.1NRT,306.2,47.69,D
34.38696,-97.15906,388.85,1.04,1.02,2025-03-25,2044,A,100,6.1NRT,312.74,187.83,D
34.38549,-97.17,383.39,1.04,1.02,2025-03-25,2044,A,100,6.1NRT,312.22,159.45,D
34.38402,-97.18092,376.06,1.04,1.02,2025-03-25,2044,A,100,6.1NRT,312.94,130.18,D
34.38254,-97.19183,326.64,1.04,1.02,2025-03-25,2044,A,67,6.1NRT,308.91,10.66,D
34.39291,-97.18271,392.65,1.04,1.02,2025-03-25,2044,A,100,6.1NRT,310.22,204.58,D
34.39143,-97.19364,447.46,1.04,1.02,2025-03-25,2044,A,100,6.1NRT,326.03,696.83,D
34.38995,-97.20457,373.21,1.04,1.02,2025-03-25,2044,A,100,6.1NRT,312.01,117.65,D
34.40032,-97.1954,433.82,1.04,1.02,2025-03-25,2044,A,100,6.1NRT,316.51,532.91,D
34.39884,-97.20634,389.5,1.04,1.02,2025-03-25,2044,A,100,6.1NRT,311.66,189.65,D
34.37298,-99.01573,333.98,1,1,2025-03-25,2044,A,82,6.1NRT,308.59,21.94,D
34.37139,-99.0263,338.78,1,1,2025-03-25,2044,A,86,6.1NRT,310.59,29.47,D
34.79676,-96.06123,326.53,1.13,1.06,2025-03-25,2044,A,79,6.1NRT,296.26,22.31,D
34.7629,-96.47794,365.12,1.09,1.04,2025-03-25,2044,A,100,6.1NRT,306.64,103.91,D
34.76141,-96.48954,372,1.09,1.04,2025-03-25,2044,A,100,6.1NRT,309.35,129.27,D
34.77203,-96.47968,350.72,1.09,1.04,2025-03-25,2044,A,95,6.1NRT,306.42,62.63,D
34.77054,-96.49124,364.15,1.09,1.04,2025-03-25,2044,A,100,6.1NRT,304.8,101.04,D
34.76904,-96.50283,325.46,1.09,1.04,2025-03-25,2044,A,77,6.1NRT,303.12,16.32,D
34.82487,-96.33987,320.14,1.11,1.05,2025-03-25,2044,A,38,6.1NRT,302.15,10.25,D
34.83406,-96.34163,319.49,1.11,1.05,2025-03-25,2044,A,37,6.1NRT,301.69,10.04,D
34.94409,-96.12558,322.03,1.13,1.06,2025-03-25,2044,A,73,6.1NRT,301.94,15.19,D
34.97431,-96.41094,321.06,1.1,1.05,2025-03-25,2044,A,71,6.1NRT,301.42,13.8,D
34.97281,-96.42267,319.14,1.1,1.05,2025-03-25,2044,A,67,6.1NRT,301.57,11.63,D
35.02752,-96.06686,337.75,1.14,1.06,2025-03-25,2044,A,64,6.1NRT,304.64,35.78,D
35.03683,-96.06861,348.16,1.14,1.06,2025-03-25,2044,A,94,6.1NRT,303.84,58.21,D
33.71581,-104.51889,337.84,1.78,1.31,2025-03-25,2044,A,84,6.1NRT,318.19,47.73,D
33.71214,-104.53725,337.21,1.79,1.31,2025-03-25,2044,A,83,6.1NRT,318.44,45.93,D
17.89401,-92.48914,319.42,1.09,1.04,2025-03-25,2042,A,56,6.1NRT,297.83,10.65,D
33.72707,-104.52209,344.95,1.78,1.31,2025-03-25,2044,A,90,6.1NRT,316.45,72.54,D
17.98751,-91.86982,320.11,1.17,1.08,2025-03-25,2042,A,67,6.1NRT,295.36,12.89,D
33.72342,-104.54037,343.86,1.79,1.31,2025-03-25,2044,A,89,6.1NRT,318.23,68.35,D
17.83438,-93.11736,356.2,1.04,1.02,2025-03-25,2042,A,98,6.1NRT,293.36,74.1,D
34.77928,-98.8352,339.47,1,1,2025-03-25,2044,A,87,6.1NRT,309.15,30.27,D
34.77772,-98.84578,326.42,1,1,2025-03-25,2044,A,73,6.1NRT,311.55,12.19,D
17.83304,-93.12688,319.74,1.04,1.02,2025-03-25,2042,A,65,6.1NRT,289.9,11.52,D
35.08897,-96.65996,354.57,1.08,1.04,2025-03-25,2044,A,97,6.1NRT,305.74,71.59,D
17.84405,-93.12545,314.03,1.04,1.02,2025-03-25,2042,A,48,6.1NRT,289.62,6.49,D
35.08748,-96.67149,328.54,1.08,1.04,2025-03-25,2044,A,79,6.1NRT,303.73,20.28,D
17.89989,-93.18265,343.78,1.04,1.02,2025-03-25,2042,A,80,6.1NRT,289.13,46.99,D
34.78801,-98.83712,322.04,1,1,2025-03-25,2044,A,50,6.1NRT,307.13,7.38,D
17.90238,-93.4297,313.8,1.02,1.01,2025-03-25,2042,A,40,6.1NRT,293.36,4.97,D
34.78644,-98.84771,334.07,1,1,2025-03-25,2044,A,83,6.1NRT,310.36,22.26,D
18.01911,-92.85308,310.66,1.06,1.03,2025-03-25,2042,A,0,6.1NRT,292.37,3.99,D
34.78487,-98.85829,320.68,1,1,2025-03-25,2044,A,19,6.1NRT,308.09,5.78,D
17.9959,-93.08624,318.93,1.04,1.02,2025-03-25,2042,A,66,6.1NRT,290.95,12.02,D
35.09806,-96.66167,318.48,1.08,1.04,2025-03-25,2044,A,64,6.1NRT,303.46,8.94,D
17.87506,-94.12521,314.31,1,1,2025-03-25,2042,A,53,6.1NRT,298.3,5.25,D
35.05202,-97.1532,327.75,1.05,1.02,2025-03-25,2044,A,78,6.1NRT,306.31,18.3,D
17.96903,-93.55187,325.23,1.02,1.01,2025-03-25,2042,A,59,6.1NRT,292.99,16.83,D
35.34126,-96.49358,322.57,1.1,1.05,2025-03-25,2044,A,74,6.1NRT,296.14,15.76,D
17.96772,-93.5612,316.21,1.02,1.01,2025-03-25,2042,A,44,6.1NRT,295.47,7.6,D
17.96341,-93.65566,314.18,1.01,1.01,2025-03-25,2042,A,60,6.1NRT,296.27,6.08,D
35.33974,-96.5054,313.73,1.1,1.05,2025-03-25,2044,A,26,6.1NRT,296.14,6.66,D
35.54028,-96.50103,320.26,1.11,1.05,2025-03-25,2044,A,62,6.1NRT,277.83,16.13,D
17.88821,-94.18081,341.5,1,1,2025-03-25,2042,A,91,6.1NRT,299.34,39.63,D
35.81496,-96.45546,328.41,1.12,1.05,2025-03-25,2046,A,81,6.1NRT,301.85,22.3,D
36.6419,-87.79945,308.23,3.82,1.83,2025-03-25,2046,A,38,6.1NRT,290.07,43.68,D
36.64899,-87.8047,313.48,3.82,1.83,2025-03-25,2046,A,66,6.1NRT,288.98,72.43,D
18.09214,-94.04742,321.88,1,1,2025-03-25,2042,A,75,6.1NRT,299.21,13.41,D
36.79999,-89.18414,316,3.11,1.67,2025-03-25,2046,A,60,6.1NRT,292.97,45.18,D
36.21212,-95.48831,316.62,1.24,1.11,2025-03-25,2046,A,42,6.1NRT,297.15,11.12,D
18.31782,-92.69653,316.42,1.08,1.04,2025-03-25,2042,A,65,6.1NRT,292.91,10.46,D
36.22226,-96.14191,319.49,1.16,1.07,2025-03-25,2046,A,72,6.1NRT,294.68,15.94,D
18.32005,-92.94791,312.99,1.06,1.03,2025-03-25,2042,A,56,6.1NRT,296.58,5.52,D
18.62901,-91.19473,321.45,1.3,1.13,2025-03-25,2042,A,54,6.1NRT,299.5,15.72,D
36.28386,-96.23703,333.84,1.15,1.07,2025-03-25,2046,A,86,6.1NRT,300.25,33.66,D
36.28231,-96.24955,330.85,1.15,1.07,2025-03-25,2046,A,84,6.1NRT,299.1,29.26,D
18.62745,-91.20665,322.23,1.29,1.13,2025-03-25,2042,A,0,6.1NRT,300.08,18.48,D
36.34417,-96.25395,323.4,1.15,1.07,2025-03-25,2046,A,59,6.1NRT,300.55,15.39,D
18.88675,-90.62009,319.37,1.42,1.18,2025-03-25,2042,A,52,6.1NRT,298.58,14.7,D
36.04013,-98.5527,320.41,1,1,2025-03-25,2046,A,67,6.1NRT,304.05,8.71,D
18.95329,-91.05556,323.83,1.34,1.15,2025-03-25,2042,A,61,6.1NRT,290.98,20.81,D
18.96335,-91.05698,331,1.34,1.15,2025-03-25,2042,A,82,6.1NRT,293.52,32.69,D
36.03859,-98.56349,343.6,1,1,2025-03-25,2046,A,91,6.1NRT,305.82,40.66,D
36.35508,-96.2432,336.65,1.16,1.07,2025-03-25,2046,A,88,6.1NRT,301.54,34.4,D
18.96181,-91.0693,323.99,1.33,1.14,2025-03-25,2042,A,49,6.1NRT,292.3,20.08,D
36.35355,-96.25568,332.81,1.15,1.07,2025-03-25,2046,A,84,6.1NRT,301.33,28.2,D
19.26832,-89.68002,328.05,1.68,1.27,2025-03-25,2042,A,74,6.1NRT,301.33,32,D
36.04887,-98.55462,331.7,1,1,2025-03-25,2046,A,82,6.1NRT,303.47,21.66,D
19.19045,-90.61983,319.4,1.44,1.19,2025-03-25,2042,A,65,6.1NRT,292.66,16.62,D
36.04734,-98.56541,338.29,1,1,2025-03-25,2046,A,88,6.1NRT,303.74,31.35,D
17.87204,-99.64762,335.87,1.77,1.3,2025-03-25,2042,A,84,6.1NRT,309.25,53.6,D
36.36446,-96.24498,335.69,1.16,1.07,2025-03-25,2046,A,76,6.1NRT,302.17,31.63,D
17.8697,-99.66095,334.48,1.77,1.3,2025-03-25,2042,A,83,6.1NRT,308.35,51.11,D
36.36921,-96.28429,335.69,1.15,1.07,2025-03-25,2046,A,86,6.1NRT,302.91,33.33,D
18.50775,-96.1469,325.44,1.07,1.03,2025-03-25,2042,A,59,6.1NRT,294.99,15.92,D
36.38013,-96.27351,340.22,1.15,1.07,2025-03-25,2046,A,68,6.1NRT,300.8,41.17,D
18.47071,-96.7405,315.29,1.13,1.06,2025-03-25,2042,A,36,6.1NRT,296.52,5.94,D
36.37859,-96.286,360.99,1.15,1.07,2025-03-25,2046,A,100,6.1NRT,304.11,97.71,D
19.479,-89.64116,363.45,1.7,1.28,2025-03-25,2042,A,87,6.1NRT,296.65,183.15,D
19.47708,-89.65687,354.04,1.69,1.28,2025-03-25,2042,A,84,6.1NRT,299.26,130.17,D
36.38951,-96.27525,321.18,1.15,1.07,2025-03-25,2046,A,44,6.1NRT,298.46,11.87,D
36.40269,-96.29728,334.35,1.15,1.07,2025-03-25,2046,A,87,6.1NRT,300.78,32.78,D
19.47763,-89.64672,356.22,1.7,1.28,2025-03-25,2042,A,85,6.1NRT,298.27,140.05,D
36.40118,-96.30975,345.5,1.15,1.07,2025-03-25,2046,A,93,6.1NRT,301.2,56.25,D
36.39967,-96.32222,316.37,1.15,1.07,2025-03-25,2046,A,40,6.1NRT,295.37,8.98,D
18.67324,-96.03089,317.88,1.06,1.03,2025-03-25,2042,A,60,6.1NRT,300.29,5.75,D
36.41054,-96.31156,328.58,1.15,1.07,2025-03-25,2046,A,82,6.1NRT,298.84,23.55,D
19.44172,-92.08377,314.58,1.18,1.08,2025-03-25,2042,A,61,6.1NRT,296.04,13.45,D
35.68953,-101.35477,325.78,1.11,1.05,2025-03-25,2046,A,68,6.1NRT,309.32,13.75,D
18.5646,-99.2733,326.55,1.61,1.25,2025-03-25,2042,A,51,6.1NRT,307.94,14.33,D
36.4419,-96.4446,328.51,1.14,1.06,2025-03-25,2046,A,82,6.1NRT,303.61,22.42,D
18.56202,-99.28802,332.57,1.61,1.25,2025-03-25,2042,A,81,6.1NRT,308,30.48,D
36.44812,-96.47105,326.11,1.13,1.06,2025-03-25,2046,A,60,6.1NRT,302.02,17.42,D
19.99476,-89.92017,319.51,1.65,1.26,2025-03-25,2042,A,56,6.1NRT,297.93,15.39,D
36.45587,-96.48508,336.48,1.13,1.06,2025-03-25,2046,A,87,6.1NRT,302.74,33.7,D
36.46067,-96.49163,334.89,1.13,1.06,2025-03-25,2046,A,87,6.1NRT,302.87,34.14,D
19.99645,-89.91025,322.29,1.65,1.26,2025-03-25,2042,A,49,6.1NRT,297.86,20.77,D
36.4745,-96.45641,347.9,1.14,1.06,2025-03-25,2046,A,94,6.1NRT,303.06,58.37,D
19.39766,-96.49509,319.24,1.08,1.04,2025-03-25,2042,A,71,6.1NRT,299.41,7.52,D
36.47298,-96.46879,337.12,1.13,1.06,2025-03-25,2046,A,87,6.1NRT,302.77,35.12,D
19.3961,-96.50505,318.82,1.08,1.04,2025-03-25,2042,A,70,6.1NRT,298.21,7.06,D
36.47147,-96.48113,348.42,1.13,1.06,2025-03-25,2046,A,95,6.1NRT,302.77,59.56,D
18.77411,-103.65816,319.16,3.41,1.74,2025-03-25,2042,A,57,6.1NRT,298.79,56.92,D
36.46996,-96.49344,335.07,1.13,1.06,2025-03-25,2046,A,87,6.1NRT,300.45,32.73,D
35.33463,-103.7866,324.26,1.48,1.2,2025-03-25,2046,A,64,6.1NRT,311.28,19.1,D
18.77118,-103.66197,320.36,3.41,1.74,2025-03-25,2042,A,62,6.1NRT,298.81,65.62,D
35.33165,-103.80215,328.62,1.48,1.2,2025-03-25,2046,A,75,6.1NRT,309.77,27.34,D
19.6445,-102.46117,319.71,2.65,1.56,2025-03-25,2042,A,30,6.1NRT,303.5,36.58,D
36.47961,-96.64522,334.07,1.12,1.05,2025-03-25,2046,A,86,6.1NRT,302.06,32.5,D
36.70611,-96.89403,324.41,1.1,1.05,2025-03-25,2046,A,67,6.1NRT,301.76,17.34,D
19.70377,-102.44519,322.58,2.64,1.56,2025-03-25,2042,A,66,6.1NRT,299.54,58.25,D
36.79337,-96.72559,350.51,1.12,1.05,2025-03-25,2046,A,95,6.1NRT,299.65,66.97,D
19.69901,-102.47014,319.28,2.65,1.56,2025-03-25,2042,A,50,6.1NRT,302.34,40.05,D
19.73117,-102.70861,326.61,2.76,1.59,2025-03-25,2042,A,73,6.1NRT,301.57,80.29,D
36.7987,-96.73229,328.38,1.12,1.05,2025-03-25,2046,A,66,6.1NRT,292.92,24.62,D
36.47421,-99.44466,320.41,1,1,2025-03-25,2046,A,64,6.1NRT,306.71,6.9,D
19.93744,-103.23222,324.62,3,1.65,2025-03-25,2042,A,71,6.1NRT,300.8,80.3,D
37.4345,-92.00256,320.66,2.07,1.4,2025-03-25,2046,A,53,6.1NRT,277.14,47.98,D
19.93974,-103.23726,323.75,3,1.65,2025-03-25,2042,A,68,6.1NRT,300.59,74.36,D
20.39745,-102.06712,329.94,2.39,1.49,2025-03-25,2042,A,75,6.1NRT,309.37,50.31,D
37.43254,-92.02569,342.66,2.07,1.4,2025-03-25,2046,A,93,6.1NRT,275.79,134.45,D
36.23415,-102.51734,318.33,1.22,1.1,2025-03-25,2046,A,42,6.1NRT,305.28,9.65,D
21.30099,-97.45909,318.88,1.13,1.06,2025-03-25,2042,A,54,6.1NRT,298.65,10.36,D
19.92197,-104.993,324,4.05,1.87,2025-03-25,2042,A,68,6.1NRT,304.94,102.33,D
36.23184,-102.53037,322.3,1.22,1.1,2025-03-25,2046,A,65,6.1NRT,306.38,14.73,D
37.13258,-96.7288,316.78,1.13,1.06,2025-03-25,2046,A,38,6.1NRT,300.39,9.21,D
20.69451,-101.47752,331.89,2.12,1.42,2025-03-25,2042,A,64,6.1NRT,311.84,54.91,D
37.32421,-96.14679,340.46,1.2,1.09,2025-03-25,2046,A,76,6.1NRT,284.19,46.66,D
20.60574,-103.12997,333.61,2.84,1.61,2025-03-25,2042,A,81,6.1NRT,314.84,77.15,D
37.32261,-96.15993,329.83,1.19,1.09,2025-03-25,2046,A,46,6.1NRT,275.62,25.25,D
20.62459,-103.10737,338.99,2.83,1.61,2025-03-25,2042,A,86,6.1NRT,313.58,111.42,D
37.2178,-97.00124,318.14,1.1,1.05,2025-03-25,2046,A,37,6.1NRT,291.61,14.77,D
20.61946,-103.13396,328.57,2.84,1.61,2025-03-25,2042,A,57,6.1NRT,312.31,46.33,D
37.32804,-96.15437,321.7,1.2,1.09,2025-03-25,2046,A,65,6.1NRT,277.43,18.73,D
20.6157,-103.11217,347.64,2.83,1.61,2025-03-25,2042,A,93,6.1NRT,314.98,185.53,D
37.41907,-96.71411,322.17,1.13,1.06,2025-03-25,2046,A,62,6.1NRT,296.89,14.97,D
20.61047,-103.13817,327.54,2.84,1.61,2025-03-25,2042,A,71,6.1NRT,313.49,43.63,D
20.8924,-103.41129,326.27,2.94,1.63,2025-03-25,2042,A,72,6.1NRT,310.04,56.59,D
37.57651,-95.56593,333.04,1.28,1.12,2025-03-25,2046,A,38,6.1NRT,288.45,35.27,D
20.88728,-103.43704,332.47,2.96,1.64,2025-03-25,2042,A,80,6.1NRT,311.16,96.9,D
37.46428,-96.50375,323.52,1.16,1.07,2025-03-25,2046,A,47,6.1NRT,299.22,17.67,D
21.08071,-102.51896,366.98,2.5,1.52,2025-03-25,2042,A,100,6.1NRT,312.87,350.09,D
37.4627,-96.51646,332.33,1.16,1.07,2025-03-25,2046,A,79,6.1NRT,303.12,31.04,D
21.07626,-102.54221,342.84,2.51,1.52,2025-03-25,2042,A,90,6.1NRT,313.09,128.39,D
37.46939,-96.51165,354.26,1.16,1.07,2025-03-25,2046,A,97,6.1NRT,299.43,78.83,D
21.05598,-104.06292,336.48,3.26,1.71,2025-03-25,2042,A,84,6.1NRT,310.19,142.43,D
37.46787,-96.52435,381.9,1.16,1.07,2025-03-25,2046,A,100,6.1NRT,308.72,189.24,D
21.05505,-104.06666,330.7,3.26,1.71,2025-03-25,2042,A,78,6.1NRT,310.26,97.81,D
37.51876,-96.17586,319.85,1.2,1.09,2025-03-25,2046,A,51,6.1NRT,299.87,14.57,D
22.71,-98.30032,321.97,1.2,1.09,2025-03-25,2042,A,59,6.1NRT,298.8,9.26,D
37.54722,-96.09974,328.25,1.21,1.09,2025-03-25,2046,A,82,6.1NRT,297.64,27.68,D
23.01229,-102.61977,349.27,2.3,1.47,2025-03-25,2042,A,94,6.1NRT,311.75,149.92,D
37.54566,-96.11305,315.21,1.21,1.09,2025-03-25,2046,A,65,6.1NRT,297.26,9.93,D
23.77573,-98.38017,333.65,1.17,1.08,2025-03-25,2042,A,85,6.1NRT,295.4,33.75,D
37.42723,-97.08704,331.4,1.1,1.05,2025-03-25,2046,A,78,6.1NRT,300.2,25.32,D
23.68918,-99.02751,344.85,1.27,1.12,2025-03-25,2042,A,92,6.1NRT,306.3,54.02,D
37.4257,-97.09914,332.18,1.1,1.05,2025-03-25,2046,A,84,6.1NRT,302.53,26.01,D
23.6872,-99.03946,340.14,1.27,1.12,2025-03-25,2042,A,89,6.1NRT,302.98,43.69,D
23.69001,-99.03311,346.85,1.27,1.12,2025-03-25,2042,A,93,6.1NRT,306.26,60.65,D
37.49152,-96.64551,312.49,1.14,1.07,2025-03-25,2046,A,41,6.1NRT,297.7,5.97,D
24.74856,-97.74339,318.24,1.07,1.03,2025-03-25,2044,A,61,6.1NRT,297.99,8.71,D
37.51642,-96.67606,320.33,1.14,1.06,2025-03-25,2046,A,46,6.1NRT,301.21,13.81,D
37.21601,-98.92839,336.39,1,1,2025-03-25,2046,A,86,6.1NRT,303.39,27.43,D
24.74693,-97.75365,315.93,1.07,1.03,2025-03-25,2044,A,54,6.1NRT,296.64,6.41,D
24.95765,-98.67762,327.16,1.17,1.07,2025-03-25,2044,A,76,6.1NRT,307.91,14.61,D
37.21445,-98.93933,342.36,1,1,2025-03-25,2046,A,90,6.1NRT,301.21,37.34,D
37.21289,-98.95027,318.8,1,1,2025-03-25,2046,A,49,6.1NRT,297.56,7.56,D
26.50665,-97.99088,319.66,1.06,1.03,2025-03-25,2044,A,37,6.1NRT,294.83,11.01,D
37.22632,-98.91942,346.95,1,1,2025-03-25,2046,A,93,6.1NRT,303.3,46.04,D
26.5415,-97.94504,355.61,1.05,1.02,2025-03-25,2044,A,92,6.1NRT,287.91,73.89,D
37.22162,-98.95224,333.52,1,1,2025-03-25,2046,A,83,6.1NRT,298.4,23.97,D
26.53991,-97.95525,338.95,1.05,1.02,2025-03-25,2044,A,72,6.1NRT,291.11,37.59,D
37.22006,-98.96318,348.99,1,1,2025-03-25,2046,A,94,6.1NRT,299.47,51.67,D
26.42646,-98.83382,321.4,1.14,1.06,2025-03-25,2044,A,36,6.1NRT,301.77,10.22,D
37.22879,-98.96517,326,1,1,2025-03-25,2046,A,59,6.1NRT,299.85,15.16,D
29.64032,-92.20103,309.33,1.58,1.24,2025-03-25,2044,A,49,6.1NRT,295.97,5.88,D
37.24,-98.96188,334.07,1,1,2025-03-25,2046,A,84,6.1NRT,300.62,25.74,D
30.54064,-85.47559,312.78,4.79,2,2025-03-25,2044,A,56,6.1NRT,295.15,80.04,D
37.25029,-98.95292,316.85,1,1,2025-03-25,2046,A,46,6.1NRT,300.79,6.05,D
30.53987,-85.47964,314.31,4.79,2,2025-03-25,2044,A,70,6.1NRT,295.21,91.7,D
29.54428,-96.01652,328.15,1.03,1.01,2025-03-25,2044,A,59,6.1NRT,310.41,12.65,D
37.87949,-93.84276,324.63,1.61,1.25,2025-03-25,2046,A,82,6.1NRT,290.59,39.57,D
37.87776,-93.8606,318.61,1.61,1.25,2025-03-25,2046,A,77,6.1NRT,288.91,27.15,D
29.78863,-94.19789,318.03,1.21,1.09,2025-03-25,2044,A,51,6.1NRT,301.45,8.94,D
37.81791,-95.0537,312.38,1.37,1.16,2025-03-25,2046,A,29,6.1NRT,295.95,10.97,D
29.31859,-97.77393,324.14,1.01,1,2025-03-25,2044,A,73,6.1NRT,305.11,9.37,D
37.86424,-94.80079,341.61,1.42,1.18,2025-03-25,2046,A,92,6.1NRT,288.25,74.48,D
29.83294,-94.43288,317.83,1.18,1.08,2025-03-25,2044,A,60,6.1NRT,299.53,11.01,D
29.93769,-94.21655,330.4,1.21,1.09,2025-03-25,2044,A,81,6.1NRT,299.06,28.51,D
38.05005,-93.12933,306.47,1.79,1.31,2025-03-25,2046,A,62,6.1NRT,289.85,11.3,D
29.94137,-94.21028,324.55,1.21,1.1,2025-03-25,2044,A,75,6.1NRT,296.91,20.03,D
38.04822,-93.14935,310.92,1.79,1.31,2025-03-25,2046,A,70,6.1NRT,291.09,18.57,D
29.9399,-94.22253,316.1,1.21,1.09,2025-03-25,2044,A,36,6.1NRT,297.28,9.14,D
37.72108,-96.4274,314.97,1.17,1.08,2025-03-25,2046,A,63,6.1NRT,298.44,7.88,D
30.89192,-86.72549,311.28,3.95,1.85,2025-03-25,2044,A,63,6.1NRT,293.51,53.53,D
38.00816,-93.92365,323.45,1.6,1.25,2025-03-25,2046,A,81,6.1NRT,294.15,34.17,D
38.00638,-93.94141,343.5,1.6,1.24,2025-03-25,2046,A,93,6.1NRT,296.19,90.14,D
30.88652,-86.69257,310.2,3.97,1.85,2025-03-25,2044,A,56,6.1NRT,291.51,44.11,D
30.88414,-86.73269,310,3.95,1.85,2025-03-25,2044,A,48,6.1NRT,293.11,42.86,D
37.73054,-96.42918,351.23,1.17,1.08,2025-03-25,2046,A,96,6.1NRT,300.3,73.71,D
30.24694,-96.14078,315.23,1.03,1.02,2025-03-25,2044,A,48,6.1NRT,304.02,5.63,D
37.72896,-96.4422,318.72,1.17,1.08,2025-03-25,2046,A,70,6.1NRT,299.64,11.91,D
37.48664,-98.31593,314.66,1.02,1.01,2025-03-25,2046,A,41,6.1NRT,301.51,5.36,D
30.80499,-96.50533,315.74,1.02,1.01,2025-03-25,2044,A,42,6.1NRT,304.61,5.59,D
30.96198,-95.75751,314.53,1.07,1.03,2025-03-25,2044,A,49,6.1NRT,303.43,4.79,D
37.77612,-96.3232,363.92,1.19,1.08,2025-03-25,2046,A,100,6.1NRT,303.06,115.3,D
37.77458,-96.3363,327.12,1.19,1.08,2025-03-25,2046,A,78,6.1NRT,301.6,21.85,D
30.96055,-95.76843,315.53,1.07,1.03,2025-03-25,2044,A,55,6.1NRT,303.46,5.76,D
31.29239,-94.51369,324.59,1.22,1.1,2025-03-25,2044,A,77,6.1NRT,300.48,20.67,D
37.78564,-96.32494,334.44,1.19,1.08,2025-03-25,2046,A,86,6.1NRT,299.98,34.63,D
37.7841,-96.33801,317.7,1.19,1.08,2025-03-25,2046,A,42,6.1NRT,298.64,9.25,D
31.30201,-94.51527,315.15,1.22,1.1,2025-03-25,2044,A,43,6.1NRT,299.83,8.04,D
37.80478,-96.40893,348.87,1.18,1.08,2025-03-25,2046,A,95,6.1NRT,300.66,67.3,D
31.08635,-96.67328,342.77,1.02,1.01,2025-03-25,2044,A,90,6.1NRT,306.46,39.24,D
37.80322,-96.42194,325.62,1.18,1.08,2025-03-25,2046,A,79,6.1NRT,302.15,20.91,D
31.0849,-96.68365,322.87,1.02,1.01,2025-03-25,2044,A,70,6.1NRT,306.9,10.39,D
31.14682,-96.63707,319.02,1.02,1.01,2025-03-25,2044,A,62,6.1NRT,304.78,6.81,D
37.80165,-96.43494,325.56,1.18,1.08,2025-03-25,2046,A,79,6.1NRT,301.77,20.72,D
31.53051,-94.89565,314.79,1.17,1.08,2025-03-25,2044,A,57,6.1NRT,299.32,8.8,D
37.75196,-96.84246,318.01,1.13,1.06,2025-03-25,2046,A,68,6.1NRT,297.94,10.58,D
37.75041,-96.85492,322.13,1.13,1.06,2025-03-25,2046,A,74,6.1NRT,298.01,15.46,D
31.52903,-94.90773,329.42,1.17,1.08,2025-03-25,2044,A,81,6.1NRT,301.07,27.69,D
31.68202,-93.96259,311.48,1.31,1.14,2025-03-25,2044,A,43,6.1NRT,296.55,8.39,D
37.79854,-96.54057,317.84,1.16,1.07,2025-03-25,2046,A,68,6.1NRT,301.09,10.77,D
37.79697,-96.5535,317.11,1.16,1.07,2025-03-25,2046,A,67,6.1NRT,300.22,10.19,D
37.79231,-96.67009,317.32,1.15,1.07,2025-03-25,2046,A,67,6.1NRT,297.9,10.39,D
37.76268,-96.98441,329.68,1.12,1.05,2025-03-25,2046,A,82,6.1NRT,300.58,24.14,D
37.53888,-98.66636,323.33,1.01,1.01,2025-03-25,2046,A,72,6.1NRT,302.81,12.67,D
37.53733,-98.67745,319.35,1.01,1.01,2025-03-25,2046,A,59,6.1NRT,301.13,8.8,D
37.14325,-101.28299,328.57,1.07,1.03,2025-03-25,2046,A,76,6.1NRT,308.89,16.85,D
37.84928,-96.88137,322.96,1.13,1.06,2025-03-25,2046,A,75,6.1NRT,298.73,16.56,D
38.0031,-95.76151,312.29,1.27,1.12,2025-03-25,2046,A,51,6.1NRT,295.88,7.9,D
38.00147,-95.77556,337.84,1.27,1.12,2025-03-25,2046,A,89,6.1NRT,298.89,48.74,D
38.01304,-95.76877,310.45,1.27,1.12,2025-03-25,2046,A,16,6.1NRT,296.78,5.67,D
38.00712,-95.91045,316.17,1.25,1.11,2025-03-25,2046,A,62,6.1NRT,298.69,10.85,D
38.00556,-95.92429,318.97,1.25,1.11,2025-03-25,2046,A,72,6.1NRT,298.39,14.05,D
38.01687,-95.91222,327.49,1.25,1.11,2025-03-25,2046,A,81,6.1NRT,297.8,26.41,D
38.01529,-95.92606,321.12,1.25,1.11,2025-03-25,2046,A,74,6.1NRT,299.54,16.51,D
38.199,-94.41103,314.25,1.51,1.21,2025-03-25,2046,A,69,6.1NRT,291.4,16.98,D
37.87918,-97.22112,323.45,1.1,1.05,2025-03-25,2046,A,75,6.1NRT,298.34,14.49,D
37.87764,-97.23328,351.32,1.1,1.05,2025-03-25,2046,A,96,6.1NRT,302.82,65.07,D
37.92223,-96.95259,317.52,1.12,1.06,2025-03-25,2046,A,66,6.1NRT,301.79,9.69,D
37.85288,-97.57227,324.57,1.07,1.03,2025-03-25,2046,A,76,6.1NRT,301.37,14.83,D
37.92833,-97.05527,374.3,1.12,1.05,2025-03-25,2046,A,100,6.1NRT,303.59,143.78,D
37.92678,-97.06761,318.06,1.11,1.05,2025-03-25,2046,A,66,6.1NRT,299.67,7.91,D
37.91438,-97.16576,319.1,1.1,1.05,2025-03-25,2046,A,68,6.1NRT,302.79,8.15,D
38.15425,-95.22979,312.16,1.36,1.15,2025-03-25,2046,A,43,6.1NRT,297.8,9.44,D
38.10155,-95.89227,311.34,1.25,1.11,2025-03-25,2046,A,53,6.1NRT,297.34,7.26,D
38.1849,-95.22665,322.37,1.36,1.15,2025-03-25,2046,A,78,6.1NRT,294.33,22.59,D
38.18327,-95.2418,312.35,1.36,1.15,2025-03-25,2046,A,59,6.1NRT,295.21,8.42,D
37.85593,-97.97552,314.77,1.05,1.02,2025-03-25,2046,A,51,6.1NRT,300.91,5.61,D
37.76852,-98.62184,322.04,1.02,1.01,2025-03-25,2046,A,70,6.1NRT,299.69,11.62,D
38.25462,-94.66299,325.82,1.46,1.19,2025-03-25,2046,A,81,6.1NRT,297.56,33.07,D
38.21474,-95.04446,312.6,1.39,1.17,2025-03-25,2046,A,64,6.1NRT,296.5,10.85,D
38.07238,-96.39951,325.29,1.19,1.08,2025-03-25,2046,A,78,6.1NRT,300.93,21.22,D
38.0708,-96.4128,315.49,1.19,1.08,2025-03-25,2046,A,45,6.1NRT,299.87,8.32,D
38.22194,-95.17122,309.86,1.37,1.16,2025-03-25,2046,A,56,6.1NRT,293.24,7.33,D
38.07404,-96.46702,328.65,1.18,1.08,2025-03-25,2046,A,81,6.1NRT,299.37,25.51,D
38.07247,-96.48009,317.26,1.18,1.08,2025-03-25,2046,A,30,6.1NRT,297.51,10.44,D
38.06464,-96.54524,328.92,1.17,1.08,2025-03-25,2046,A,77,6.1NRT,297.91,23.88,D
38.06308,-96.55821,336.26,1.17,1.08,2025-03-25,2046,A,87,6.1NRT,300.13,34.91,D
38.06152,-96.5712,338.21,1.17,1.08,2025-03-25,2046,A,88,6.1NRT,301.45,39.11,D
38.09137,-96.40337,325.46,1.19,1.08,2025-03-25,2046,A,78,6.1NRT,295.59,20.44,D
38.08979,-96.4165,356.99,1.19,1.08,2025-03-25,2046,A,98,6.1NRT,301.09,91.03,D
38.08823,-96.4296,344.74,1.19,1.08,2025-03-25,2046,A,92,6.1NRT,301.6,55.7,D
38.07409,-96.54701,333.52,1.17,1.08,2025-03-25,2046,A,79,6.1NRT,298.77,30.21,D
38.10088,-96.40517,312.15,1.19,1.08,2025-03-25,2046,A,35,6.1NRT,297.82,5.33,D
38.0993,-96.41833,339.63,1.19,1.08,2025-03-25,2046,A,89,6.1NRT,300.58,46.14,D
38.09772,-96.43141,326.26,1.19,1.08,2025-03-25,2046,A,79,6.1NRT,300.31,21.41,D
38.08354,-96.54882,334.98,1.17,1.08,2025-03-25,2046,A,85,6.1NRT,298.49,32.72,D
38.0914,-96.56366,320.87,1.17,1.08,2025-03-25,2046,A,30,6.1NRT,300.98,11.86,D
38.14403,-96.20818,342.25,1.21,1.1,2025-03-25,2046,A,91,6.1NRT,297.21,53.62,D
38.14241,-96.2217,384.44,1.21,1.09,2025-03-25,2046,A,100,6.1NRT,303.46,218.9,D
38.1408,-96.23519,335.91,1.21,1.09,2025-03-25,2046,A,87,6.1NRT,297.09,39.32,D
38.13919,-96.24866,315.47,1.21,1.09,2025-03-25,2046,A,41,6.1NRT,293.13,8.39,D
38.14603,-96.21393,360.72,1.21,1.1,2025-03-25,2046,A,100,6.1NRT,300.18,108,D
38.14448,-96.22745,357.35,1.21,1.09,2025-03-25,2046,A,98,6.1NRT,302.46,96.25,D
38.14293,-96.24094,322.85,1.21,1.09,2025-03-25,2046,A,76,6.1NRT,296.6,17.87,D
38.1059,-96.55855,315.32,1.17,1.08,2025-03-25,2046,A,62,6.1NRT,300.67,8.28,D
38.21565,-95.7748,312.96,1.28,1.12,2025-03-25,2046,A,43,6.1NRT,296.13,8.32,D
38.21115,-95.90352,312.55,1.26,1.11,2025-03-25,2046,A,59,6.1NRT,298.47,6.92,D
38.09406,-96.97366,315.66,1.13,1.06,2025-03-25,2046,A,60,6.1NRT,298.61,6.77,D
37.94302,-98.28275,313.6,1.03,1.01,2025-03-25,2046,A,28,6.1NRT,299.23,4.4,D
37.94148,-98.29412,315.52,1.03,1.01,2025-03-25,2046,A,52,6.1NRT,297.88,6,D
38.27788,-95.66959,334.03,1.29,1.13,2025-03-25,2046,A,87,6.1NRT,294.87,41.28,D
38.27624,-95.68403,346.08,1.29,1.13,2025-03-25,2046,A,93,6.1NRT,297.85,70.19,D
38.28778,-95.6714,339.59,1.29,1.13,2025-03-25,2046,A,90,6.1NRT,295.32,53.51,D
38.28613,-95.68582,371.03,1.29,1.13,2025-03-25,2046,A,100,6.1NRT,299.56,166.4,D
38.2845,-95.70013,321.41,1.29,1.13,2025-03-25,2046,A,72,6.1NRT,296.38,19.57,D
38.40957,-94.66116,310.22,1.47,1.2,2025-03-25,2046,A,23,6.1NRT,292.34,8.61,D
38.41694,-94.65266,311.6,1.47,1.2,2025-03-25,2046,A,58,6.1NRT,289.95,10.54,D
38.41528,-94.66913,342.69,1.47,1.2,2025-03-25,2046,A,92,6.1NRT,292.55,76.32,D
38.22701,-96.95534,334.57,1.13,1.06,2025-03-25,2046,A,86,6.1NRT,300.38,33.91,D
38.22544,-96.96792,322.52,1.13,1.06,2025-03-25,2046,A,74,6.1NRT,300.35,15.69,D
38.38202,-95.74499,314.4,1.29,1.13,2025-03-25,2046,A,67,6.1NRT,297.93,9.8,D
38.26273,-96.94225,315.28,1.13,1.06,2025-03-25,2046,A,61,6.1NRT,300.03,7.99,D
38.27202,-96.94417,346.25,1.13,1.06,2025-03-25,2046,A,93,6.1NRT,300.18,57.02,D
38.27048,-96.95673,338.46,1.13,1.06,2025-03-25,2046,A,89,6.1NRT,301.28,40.26,D
38.09253,-98.33947,351.68,1.03,1.01,2025-03-25,2046,A,96,6.1NRT,303.2,60.62,D
38.10139,-98.34141,333.28,1.03,1.01,2025-03-25,2046,A,84,6.1NRT,304.14,26.21,D
38.51036,-95.03368,319.8,1.4,1.17,2025-03-25,2046,A,76,6.1NRT,293.35,20.87,D
38.50868,-95.04946,324.8,1.4,1.17,2025-03-25,2046,A,81,6.1NRT,294.02,29.02,D
38.41367,-95.91035,312.09,1.26,1.12,2025-03-25,2046,A,50,6.1NRT,297.52,6.73,D
38.32008,-96.94089,316.76,1.14,1.06,2025-03-25,2046,A,65,6.1NRT,299.97,8.87,D
38.47755,-95.70342,325.5,1.29,1.13,2025-03-25,2046,A,81,6.1NRT,300.52,24.48,D
38.47966,-95.69604,325.4,1.3,1.13,2025-03-25,2046,A,81,6.1NRT,298.46,25.02,D
38.47808,-95.71056,316.96,1.29,1.13,2025-03-25,2046,A,65,6.1NRT,300.68,13.06,D
38.50395,-95.5664,328.4,1.32,1.14,2025-03-25,2046,A,83,6.1NRT,292.65,34.63,D
38.50236,-95.58101,316.5,1.31,1.14,2025-03-25,2046,A,45,6.1NRT,292.94,16,D
38.46606,-95.99877,333.28,1.25,1.11,2025-03-25,2046,A,86,6.1NRT,300.65,35.81,D
38.46449,-96.01275,338.5,1.25,1.11,2025-03-25,2046,A,90,6.1NRT,303.28,46.56,D
38.49841,-95.8895,362.05,1.27,1.12,2025-03-25,2046,A,75,6.1NRT,299.84,122.76,D
38.49681,-95.90367,314.67,1.27,1.12,2025-03-25,2046,A,63,6.1NRT,294.34,10.63,D
38.54408,-95.66328,322.2,1.3,1.13,2025-03-25,2046,A,78,6.1NRT,296.51,19.58,D
38.55402,-95.66512,324.91,1.3,1.13,2025-03-25,2046,A,80,6.1NRT,298.86,24.24,D
38.52274,-96.21278,316.38,1.23,1.1,2025-03-25,2046,A,70,6.1NRT,300.69,10.66,D
38.46223,-96.8119,314.36,1.15,1.07,2025-03-25,2046,A,26,6.1NRT,300.99,6.67,D
38.53889,-96.24389,313.36,1.22,1.1,2025-03-25,2046,A,16,6.1NRT,299.03,5.67,D
38.47316,-96.80087,316.13,1.16,1.07,2025-03-25,2046,A,63,6.1NRT,298.4,9.21,D
38.66005,-95.24649,310.43,1.37,1.16,2025-03-25,2046,A,61,6.1NRT,292.22,9.8,D
38.59323,-95.85458,319.63,1.28,1.12,2025-03-25,2046,A,75,6.1NRT,295.1,18.19,D
38.59161,-95.86889,309.67,1.28,1.12,2025-03-25,2046,A,56,6.1NRT,295.73,6.52,D
38.33901,-97.94176,328.41,1.06,1.03,2025-03-25,2046,A,80,6.1NRT,302.64,20.52,D
38.33747,-97.95348,359.03,1.05,1.03,2025-03-25,2046,A,99,6.1NRT,305.77,81.68,D
38.42353,-97.35703,318.82,1.1,1.05,2025-03-25,2046,A,69,6.1NRT,300.38,11.04,D
38.42199,-97.36924,336.91,1.1,1.05,2025-03-25,2046,A,88,6.1NRT,301.73,36.41,D
38.34798,-97.94369,316.82,1.06,1.03,2025-03-25,2046,A,63,6.1NRT,300.4,7.65,D
38.34644,-97.95541,347.55,1.05,1.03,2025-03-25,2046,A,94,6.1NRT,302.31,53.42,D
38.53754,-96.50564,363.43,1.19,1.09,2025-03-25,2046,A,100,6.1NRT,284.69,117.38,D
38.53596,-96.51893,365.72,1.19,1.08,2025-03-25,2046,A,100,6.1NRT,282.1,125.32,D
38.54706,-96.50745,379.13,1.19,1.09,2025-03-25,2046,A,100,6.1NRT,290.57,184.65,D
38.54547,-96.52073,375.54,1.19,1.08,2025-03-25,2046,A,100,6.1NRT,288.34,165.32,D
38.55658,-96.50926,344.25,1.19,1.09,2025-03-25,2046,A,92,6.1NRT,282.38,56.76,D
38.46508,-97.25173,329.63,1.11,1.05,2025-03-25,2046,A,82,6.1NRT,300.43,23.89,D
38.57166,-96.50517,312.59,1.19,1.09,2025-03-25,2046,A,40,6.1NRT,293.84,10.33,D
38.71407,-95.78063,315.23,1.29,1.13,2025-03-25,2046,A,69,6.1NRT,295.46,12.5,D
38.69131,-96.15299,328.93,1.24,1.11,2025-03-25,2046,A,83,6.1NRT,298.92,28.38,D
38.70102,-96.15479,318.85,1.24,1.11,2025-03-25,2046,A,74,6.1NRT,298.93,14.05,D
38.68354,-96.40916,346.05,1.21,1.09,2025-03-25,2046,A,94,6.1NRT,299.07,63.43,D
38.68199,-96.42262,370.62,1.21,1.09,2025-03-25,2046,A,100,6.1NRT,304.54,148.18,D
38.85316,-95.15002,307.75,1.4,1.17,2025-03-25,2046,A,39,6.1NRT,288.97,7.98,D
38.71862,-96.36038,334.76,1.21,1.1,2025-03-25,2046,A,87,6.1NRT,299.13,38.61,D
38.76833,-96.18767,335.74,1.24,1.11,2025-03-25,2046,A,75,6.1NRT,297.34,36.11,D
38.77802,-96.18953,342.84,1.24,1.11,2025-03-25,2046,A,92,6.1NRT,291.78,53.48,D
38.76886,-96.87856,310.29,1.16,1.07,2025-03-25,2046,A,42,6.1NRT,295.98,4.89,D
38.65812,-98.17963,318.43,1.05,1.02,2025-03-25,2046,A,69,6.1NRT,298.47,10.13,D
38.65657,-98.19133,315,1.05,1.02,2025-03-25,2046,A,61,6.1NRT,300.61,6.92,D
38.9112,-96.36777,333.42,1.22,1.1,2025-03-25,2046,A,86,6.1NRT,297.83,36.2,D
38.92083,-96.36961,338.38,1.22,1.1,2025-03-25,2046,A,90,6.1NRT,299.37,44.71,D
38.91921,-96.38342,333.47,1.22,1.1,2025-03-25,2046,A,77,6.1NRT,302.39,34.02,D
38.74192,-97.82088,379.78,1.07,1.03,2025-03-25,2046,A,100,6.1NRT,293.98,162.09,D
38.74037,-97.83285,390.51,1.07,1.03,2025-03-25,2046,A,100,6.1NRT,302.62,213.85,D
38.73882,-97.8448,390.93,1.07,1.03,2025-03-25,2046,A,100,6.1NRT,308.94,215.94,D
38.93045,-96.37146,339.95,1.22,1.1,2025-03-25,2046,A,90,6.1NRT,300.54,47.72,D
38.75096,-97.82279,317.27,1.07,1.03,2025-03-25,2046,A,60,6.1NRT,287.16,11.61,D
38.7494,-97.83477,365.79,1.07,1.03,2025-03-25,2046,A,100,6.1NRT,295.7,106.62,D
38.74784,-97.84676,373.86,1.07,1.03,2025-03-25,2046,A,100,6.1NRT,299.52,135.42,D
38.80971,-97.5117,328.71,1.1,1.04,2025-03-25,2046,A,82,6.1NRT,300.51,23.76,D
38.79527,-97.83892,313.49,1.07,1.03,2025-03-25,2046,A,31,6.1NRT,289.93,8.85,D
38.93135,-96.81646,325.66,1.17,1.08,2025-03-25,2046,A,49,6.1NRT,296.35,21.86,D
37.48783,-106.05322,393.58,1.81,1.32,2025-03-25,2046,A,100,6.1NRT,305.03,496.8,D
37.48388,-106.07262,386.81,1.82,1.32,2025-03-25,2046,A,94,6.1NRT,306.38,417.7,D
37.49515,-106.07636,328.14,1.82,1.32,2025-03-25,2046,A,57,6.1NRT,290.71,46.8,D
37.48447,-106.05673,384.47,1.81,1.32,2025-03-25,2046,A,100,6.1NRT,305,395.15,D
37.4804,-106.07609,353.05,1.82,1.32,2025-03-25,2046,A,96,6.1NRT,304.01,147.08,D
37.49572,-106.06044,353.65,1.81,1.32,2025-03-25,2046,A,97,6.1NRT,296.07,154.32,D
37.49167,-106.07981,346.35,1.82,1.32,2025-03-25,2046,A,93,6.1NRT,293.07,116.39,D
38.8633,-98.09159,317.66,1.06,1.03,2025-03-25,2046,A,67,6.1NRT,296.71,9.88,D
39.08139,-96.56584,344.25,1.2,1.09,2025-03-25,2046,A,93,6.1NRT,302.02,56.59,D
39.0798,-96.57925,327.21,1.2,1.09,2025-03-25,2046,A,81,6.1NRT,299.65,23.59,D
39.09096,-96.56759,314.74,1.2,1.09,2025-03-25,2046,A,50,6.1NRT,299.98,7.43,D
39.13771,-96.33839,317.19,1.23,1.1,2025-03-25,2046,A,68,6.1NRT,297.86,10.31,D
39.13607,-96.35229,317.82,1.23,1.1,2025-03-25,2046,A,71,6.1NRT,298.78,11.32,D
38.93747,-97.94868,342.58,1.07,1.03,2025-03-25,2046,A,91,6.1NRT,289.21,49.2,D
38.93591,-97.96064,369.98,1.07,1.03,2025-03-25,2046,A,100,6.1NRT,287.21,124.75,D
39.14029,-96.346,321.88,1.23,1.1,2025-03-25,2046,A,75,6.1NRT,298.42,15.79,D
39.03316,-97.41212,341.34,1.11,1.05,2025-03-25,2046,A,91,6.1NRT,301.48,45.01,D
39.03162,-97.42458,336.22,1.11,1.05,2025-03-25,2046,A,87,6.1NRT,303.45,35.16,D
39.34723,-96.81562,322.52,1.18,1.08,2025-03-25,2046,A,68,6.1NRT,292.34,21.47,D
40.15945,-93.17599,303.8,1.9,1.35,2025-03-25,2046,A,57,6.1NRT,277.04,16.92,D
39.94382,-97.19534,318.57,1.16,1.07,2025-03-25,2046,A,55,6.1NRT,291.41,14.6,D
38.54028,-107.95551,327.02,2.23,1.45,2025-03-25,2046,A,83,6.1NRT,305.67,48.63,D
38.53501,-107.9792,324.9,2.23,1.45,2025-03-25,2046,A,82,6.1NRT,305.04,41.05,D
38.55255,-107.96001,317.91,2.23,1.45,2025-03-25,2046,A,53,6.1NRT,305.36,17.63,D
38.5473,-107.98373,316.94,2.23,1.45,2025-03-25,2046,A,46,6.1NRT,304.49,14.75,D
41.36381,-88.15212,313.99,4,1.86,2025-03-25,2046,A,69,6.1NRT,286.01,91.1,D
41.38642,-91.14973,323.76,2.62,1.55,2025-03-25,2046,A,82,6.1NRT,291.71,80.87,D
41.38439,-91.18076,309.06,2.61,1.55,2025-03-25,2046,A,65,6.1NRT,291.41,28.06,D
41.28235,-93.06941,319.27,1.99,1.38,2025-03-25,2046,A,78,6.1NRT,292.25,40.03,D
41.28928,-93.05435,303.8,2,1.38,2025-03-25,2046,A,26,6.1NRT,289.22,7.27,D
41.28744,-93.07778,314.16,1.99,1.38,2025-03-25,2046,A,73,6.1NRT,292.29,27.56,D
41.55909,-90.03926,304.91,3.08,1.67,2025-03-25,2046,A,55,6.1NRT,288.78,24.21,D
41.55869,-90.04366,304.74,3.08,1.67,2025-03-25,2046,A,52,6.1NRT,288.66,22.5,D
41.59793,-91.84479,304.99,2.39,1.49,2025-03-25,2046,A,52,6.1NRT,290.33,13.65,D
40.80238,-100.2459,323.16,1,1,2025-03-25,2046,A,63,6.1NRT,291.48,16.12,D
40.81274,-100.23665,356.65,1,1,2025-03-25,2046,A,74,6.1NRT,291.59,71.26,D
41.72623,-93.40276,307,1.93,1.36,2025-03-25,2046,A,56,6.1NRT,293.28,12.08,D
41.85218,-92.25227,307.58,2.27,1.46,2025-03-25,2046,A,61,6.1NRT,288.75,20.46,D
41.86506,-92.25386,331.2,2.27,1.46,2025-03-25,2046,A,87,6.1NRT,290.8,94.7,D
41.86309,-92.28057,303.87,2.26,1.46,2025-03-25,2046,A,44,6.1NRT,289.21,12.07,D
41.81256,-93.46864,317.59,1.91,1.35,2025-03-25,2046,A,76,6.1NRT,291.78,30.43,D
41.81073,-93.4912,311.11,1.91,1.35,2025-03-25,2046,A,67,6.1NRT,293.12,16.86,D
41.2463,-99.85525,318.97,1.01,1,2025-03-25,2046,A,52,6.1NRT,288.89,12.49,D
41.24466,-99.86691,326.21,1.01,1,2025-03-25,2046,A,82,6.1NRT,292.83,19.89,D
41.25341,-99.86909,322.92,1.01,1,2025-03-25,2046,A,80,6.1NRT,294.82,16.53,D
42.37712,-92.83202,310.24,2.12,1.42,2025-03-25,2046,A,67,6.1NRT,290.42,22.13,D
42.38152,-92.81437,304.99,2.13,1.42,2025-03-25,2046,A,46,6.1NRT,289.35,10.28,D
42.37969,-92.8398,305.08,2.12,1.42,2025-03-25,2046,A,42,6.1NRT,290.16,10.76,D
40.74555,-105.56561,321.42,1.43,1.18,2025-03-25,2046,A,77,6.1NRT,290.6,29.34,D
40.7558,-105.56834,325.57,1.43,1.18,2025-03-25,2046,A,83,6.1NRT,288.77,36.43,D
40.75276,-105.58413,313.41,1.43,1.18,2025-03-25,2046,A,62,6.1NRT,288.44,18.02,D
42.7473,-93.26598,307.69,2.02,1.39,2025-03-25,2046,A,65,6.1NRT,289.28,17.23,D
42.52719,-96.82269,317.83,1.29,1.13,2025-03-25,2046,A,76,6.1NRT,296.77,17.03,D
42.9679,-98.03555,309.95,1.16,1.07,2025-03-25,2046,A,65,6.1NRT,295.4,6.94,D
43.08704,-98.93214,315.64,1.08,1.04,2025-03-25,2046,A,73,6.1NRT,293.72,12.64,D
44.95341,-98.46881,344.03,1.17,1.08,2025-03-25,2049,A,93,6.1NRT,293.33,60.86,D
44.95176,-98.48324,329.37,1.17,1.08,2025-03-25,2049,A,86,6.1NRT,293.39,32.29,D
44.96285,-98.47099,362.4,1.17,1.08,2025-03-25,2049,A,100,6.1NRT,295.58,114.38,D
44.96119,-98.48542,356.57,1.17,1.08,2025-03-25,2049,A,98,6.1NRT,296.7,94.59,D
45.34933,-111.95557,317.17,2.43,1.5,2025-03-25,2049,A,62,6.1NRT,282.37,58.7,D
45.34242,-111.9843,309.98,2.44,1.51,2025-03-25,2049,A,49,6.1NRT,285.02,34.62,D
48.09379,-105.02908,349.49,1.05,1.02,2025-03-25,2049,A,90,6.1NRT,296.1,61.45,D
46.78622,-111.91318,317.33,2.18,1.43,2025-03-25,2049,A,71,6.1NRT,287.93,45.72,D
46.80439,-111.89286,316.54,2.17,1.43,2025-03-25,2049,A,61,6.1NRT,287.85,42.31,D
46.79802,-111.92001,341.91,2.18,1.43,2025-03-25,2049,A,87,6.1NRT,287.82,143.2,D
46.40044,-117.55419,306.48,4.41,1.93,2025-03-25,2049,A,64,6.1NRT,287.79,48.71,D
46.53595,-117.34536,320.46,4.25,1.91,2025-03-25,2049,A,80,6.1NRT,291.8,135.44,D
46.52495,-117.34113,310.97,4.25,1.91,2025-03-25,2049,A,71,6.1NRT,291.3,66.83,D
46.54016,-117.35167,309.66,4.25,1.91,2025-03-25,2049,A,69,6.1NRT,291.27,57.5,D
38.43786,-121.56338,316.19,1.14,1.07,2025-03-25,2225,A,51,6.1NRT,300.54,8.63,D
38.43633,-121.57611,325.56,1.14,1.06,2025-03-25,2225,A,70,6.1NRT,300.87,21.44,D
45.22878,-123.17269,306.15,1.18,1.08,2025-03-25,2227,A,37,6.1NRT,294.03,5.6,D
45.91561,-119.0583,309.5,1.91,1.35,2025-03-25,2227,A,41,6.1NRT,290.74,15.71,D
46.25413,-118.10789,345.54,2.18,1.43,2025-03-25,2227,A,94,6.1NRT,297.79,148.91,D
46.25218,-118.13484,327.23,2.17,1.43,2025-03-25,2227,A,84,6.1NRT,297.33,61.42,D
46.25382,-118.11234,349.65,2.18,1.43,2025-03-25,2227,A,96,6.1NRT,298.3,175.86,D
46.252,-118.13942,315.66,2.17,1.43,2025-03-25,2227,A,74,6.1NRT,297.07,26.3,D
46.24179,-119.27177,310.15,1.87,1.34,2025-03-25,2227,A,41,6.1NRT,296.38,6.33,D
46.35019,-118.01488,374.17,2.21,1.44,2025-03-25,2227,A,100,6.1NRT,293.21,402.13,D
46.35107,-118.02294,369.1,2.21,1.44,2025-03-25,2227,A,100,6.1NRT,296.05,349.73,D
46.40446,-117.80183,321.78,2.28,1.46,2025-03-25,2227,A,80,6.1NRT,291.9,52.58,D
46.69686,-119.78794,315.39,1.78,1.31,2025-03-25,2227,A,70,6.1NRT,298.55,15.48,D
46.79838,-119.95043,313.4,1.75,1.3,2025-03-25,2227,A,0,6.1NRT,298.3,9.29,D
